=== STAGE 1: enumerate (skipped) ===
=== STAGE 2: scrape ===
[queue] due venues per zone: Mitte=20, Kreuzberg=16, Charlottenburg=18, Schöneberg=20
[mitte] session 1: 8 TODO venues -> deep-berlin-mitte-1788556432.log
[mitte]   ['alexander-levy', 'capitain-petzel', 'galeria-plan-b', 'galerie-anton-janizewski', 'galerie-deschler', 'galerie-eigen-art', 'galerie-nagel-draxler', 'galerie-neu']
[sch-neberg] session 1: 8 TODO venues -> deep-berlin-sch-neberg-1788556454.log
[sch-neberg]   ['aurel-scheibler', 'barbara-wien', 'dorothee-nilsson', 'esther-schipper', 'galerie-friese', 'galerie-georg-nothelfer', 'galerie-guido-w-baudach', 'galerie-isabella-bortolozzi']
[charlottenburg] session 1: 8 TODO venues -> deep-berlin-charlottenburg-1788556474.log
[charlottenburg]   ['c-o-berlin', 'camera-work', 'contemporary', 'galerie-berinson', 'galerie-buchholz', 'galerie-crone', 'galerie-kajetan', 'galerie-kornfeld']
[mitte] session 1 done: +8 saved, +8 skipped (exit 0)
[kreuzberg] session 1: 8 TODO venues -> deep-berlin-kreuzberg-1788556761.log
[kreuzberg]   ['between-bridges', 'buchmann-galerie', 'carlier-gebauer', 'daadgalerie', 'ebensperger', 'galerie-barbara-thumm', 'galerie-thomas-schulte', 'julia-stoschek-foundation-berlin']
[sch-neberg] session 1 done: +7 saved, +8 skipped (exit 0)
[mitte] session 2: 8 TODO venues -> deep-berlin-mitte-1788557017.log
[mitte]   ['galerie-nord-kunstverein-tiergarten', 'galerie-poll', 'galerie-thomas-fischer', 'galerie-wedding-raum-fur-zeitgenossische-kunst', 'kuckei-kuckei', 'kunstverein-am-rosa-luxemburg-platz', 'kw-institute-for-contemporary-art', 'ngbk-neue-gesellschaft-fur-bildende-kunst']
[kreuzberg] session 1 done: +11 saved, +8 skipped (exit 0)
[sch-neberg] session 2: 8 TODO venues -> deep-berlin-sch-neberg-1788557194.log
[sch-neberg]   ['galerie-tanja-wagner', 'hua-international', 'jarmuschek-partner', 'kow', 'meyer-riegger', 'noah-klink', 'psm', 'reiter']
[charlottenburg] session 1 done: +11 saved, +8 skipped (exit 0)
[charlottenburg] session 2: 8 TODO venues -> deep-berlin-charlottenburg-1788557195.log
[charlottenburg]   ['galerie-max-hetzler', 'galerie-michael-haas', 'galerie-springer-berlin', 'galerie-volker-diehl', 'haus-am-waldsee', 'haverkampf-leistenschneider', 'robert-grunenberg', 'societe']
[mitte] session 2 done: +9 saved, +4 skipped (exit 0)
[kreuzberg] session 2: 8 TODO venues -> deep-berlin-kreuzberg-1788557593.log
[kreuzberg]   ['klemm-s', 'konig-galerie-st-agnes', 'konrad-fischer-galerie', 'kunstlerhaus-bethanien', 'kunstraum-kreuzberg-bethanien', 'persons-projects', 'soy-capitan', 'trautwein-herleth']
[sch-neberg] session 2 done: +4 saved, +6 skipped (exit 0)
[mitte] session 3: 4 TODO venues -> deep-berlin-mitte-1788557767.log
[mitte]   ['office-impart', 'sammlung-boros', 'schinkel-pavillon', 'sexauer']
[charlottenburg] session 2 done: +11 saved, +5 skipped (exit 0)
[sch-neberg] session 3: 4 TODO venues -> deep-berlin-sch-neberg-1788558102.log
[sch-neberg]   ['sandy-brown', 'schiefe-zahne', 'setareh', 'tanya-leighton']
[mitte] session 3 done: +4 saved, +2 skipped (exit 0)
[charlottenburg] session 3: 2 TODO venues -> deep-berlin-charlottenburg-1788558150.log
[charlottenburg]   ['wentrup', 'zilberman']
[charlottenburg] session 3 done: +2 saved, +2 skipped (exit 0)
[mitte] TODO empty after 3 session(s)
[mitte] zone done: todo_empty after 3 session(s)
[charlottenburg] TODO empty after 3 session(s)
[charlottenburg] zone done: todo_empty after 3 session(s)
[sch-neberg] session 3 done: +3 saved, +3 skipped (exit 0)
[sch-neberg] TODO empty after 3 session(s)
[sch-neberg] zone done: todo_empty after 3 session(s)
[kreuzberg] session 2 done: +12 saved, +6 skipped (exit 0)
[kreuzberg] TODO empty after 2 session(s)
[kreuzberg] zone done: todo_empty after 2 session(s)
=== STAGE 3: verify (pending pool) ===
sweep: demoted berlin/konig-jordy-kerwick (ended)
sweep: promoted berlin/david-claerbout-repose
=== cross-check pass ===
  berlin/hbf-shilpa-gupta: GOOGLE_NOT_FOUND
  berlin/kw-kyiv-biennial: ok
  berlin/david-claerbout-repose: ok
  berlin/co-berlin-carrie-mae-weems: ok
  berlin/co-berlin-kallinikou: ok
  berlin/co-berlin-kriemann: ok
  berlin/camerawork-never-forget: ok
  berlin/levy-sinta-werner-modul-im-modell: ok
  berlin/capitain-petzel-austin-martin-white: ok
  berlin/plan-b-achraf-touloub-pleiades: ok
  berlin/janizewski-marie-schubert-exuvie: ok
  berlin/deschler-handmade-by-part-ii: ok
  berlin/eigenart-stef-heidhues-hook-line-and-sinker: ok
  berlin/nagel-draxler-gharem-the-image-is-a-public-menace: ok
  berlin/galerie-neu-jeremy-shaw-half-life-of-grace: ok
  berlin/cfa-pichler: ok
  berlin/cfa-ikemura: ok
  berlin/berinson-brassai: ok
  berlin/barbara-wien-horizontal-fold: ok
  berlin/nilsson-stromberg-now-and-then: COORDS_OFF_OSM_8943m
  berlin/schipper-fire-sermon: ok
  berlin/nothelfer-follow-white-rabbit: ok
  berlin/nothelfer-collection: ok
  berlin/baudach-second-echo: ok
  berlin/bortolozzi-wu-tsang: ok
  berlin/buchholz-roubaud: ok
  berlin/crone-krauss-sediments: ok
  berlin/kajetan-redjaian-transit: ok
  berlin/kornfeld-murabito: ok
  berlin/between-bridges-rachel-seidu-love-is-the-work: ok
  berlin/buchmann-jim-butler-new-england-paintings: ok
  berlin/carliergebauer-lucia-koch-new-systems: ok
  berlin/carliergebauer-animal-mirror: ok
  berlin/ebensperger-chicks-on-speed: COORDS_OFF_OSM_15099m
  berlin/ebensperger-bonnie-camplin-archive: COORDS_OFF_OSM_15099m
  berlin/bthumm-fiona-banner-poems-for-helicopter-blades: COORDS_OFF_OSM_16248m
  berlin/bthumm-carrie-mae-weems: COORDS_OFF_OSM_16248m
  berlin/schulte-katharina-sieverding-life-death: COORDS_OFF_OSM_11508m
  berlin/schulte-kerstin-bratsch-die-sein: COORDS_OFF_OSM_11508m
  berlin/schulte-david-l-johnson-nachtruhe: ok
  berlin/counterplay: ok
  berlin/eric-keller-hanglage: ok
  berlin/thomasfischer-shimmer: ok
  berlin/mae-nan-guk-juk: ok
  berlin/hetzler-grace-weaver-parataxis: ok
  berlin/haas-in-between-sommer-2026: ok
  berlin/michael-laube-take-five: ok
  berlin/leon-kahane-kritik-und-selbstkritik: ok
  berlin/susan-hiller-bad-dreams: ok
  berlin/koo-jeong-a-ousssean: ok
  berlin/rafik-greiss-the-city-and-the-city: ok
  berlin/tanja-wagner-seed-tree-house: ok
  berlin/haas-strawalde-parade: ok
  berlin/springer-animals: ok
  berlin/diehl-hal-busse-werk-und-wirken: ok
  berlin/hua-nachleben: ok
  berlin/jarmuschek-malwine-stauss: ok
  berlin/reiter-be-real: ok
  berlin/hausamwaldsee-wo-ich-wohne: ok
  berlin/hausamwaldsee-veit-laurent-kurz: ok
  berlin/hausamwaldsee-ayumi-paul-fischmond: ok
  berlin/haverkampf-from-the-sleep-side: ok
  berlin/haverkampf-souvenirs-de-vacances: ok
  berlin/societe-sugarshack: COORDS_OFF_OSM_3703m
  berlin/klemms-wachtel-return-to-content: ok
  berlin/klemms-tracks-taps: ok
  berlin/konig-achenbach-echotropia: ok
  berlin/konig-al-qadiri-archaeology-beasts: ok
  berlin/konig-brodskis-last-ones-awake: ok
  berlin/konradfischer-alan-charlton-circle: ok
  berlin/konradfischer-margiela-in-berlin: ok
  berlin/kunstraum-after-memory: ok
  berlin/boros-collection-4: ok
  berlin/schinkel-projektionen-osten: ok
  berlin/officeimpart-void-is-seductive: ok
  berlin/sexauer-kerim-seiler: ok
  berlin/wentrup-hildebrandt-park-by-poco: ok
  berlin/kunstraum-tanja-ostojic-encounters: ok
  berlin/zilberman-koker-stolon: ok
  berlin/persons-rhizome: COORDS_OFF_OSM_13214m
  berlin/soycapitan-grace-weaver-parataxis: ok
  berlin/setareh-genius-loci-xiii: ok
  berlin/schiefe-zaehne-this: ok
  berlin/tanya-leighton-rabbia-containing: ok
  berlin/trautwein-kate-mosher-hall: ok
  berlin/konig-jordy-kerwick: ok

wrote /mnt/c/Projects/260903_GalleryBrowser/GalleryBrowser/content/spend/crosscheck.json (86 shows, 67 venue lookups); flags: {'GOOGLE_NOT_FOUND': 1, 'COORDS_OFF_OSM_8943m': 1, 'COORDS_OFF_OSM_15099m': 2, 'COORDS_OFF_OSM_16248m': 2, 'COORDS_OFF_OSM_11508m': 2, 'COORDS_OFF_OSM_3703m': 1, 'COORDS_OFF_OSM_13214m': 1}
=== agent verification pass ===
[verify berlin/Mitte] 21 shows
[verify berlin/Kreuzberg] 23 shows
[verify berlin/Charlottenburg] 24 shows
[verify berlin/Schöneberg] 14 shows
  [berlin #0] server:web_fetch {"url": "https://co-berlin.org/en/programm/ausstellungen/carrie-mae-weems"}
  [berlin #0] server:web_fetch {"url": "https://co-berlin.org/en/program/exhibitions/stelios-kallinikou"}
  [berlin #0] server:web_fetch {"url": "https://co-berlin.org/en/program/exhibitions/susanne-kriemann"}
  [berlin #0] server:web_fetch {"url": "https://camerawork.de/en/exhibitions/never-forget/"}
  [berlin #0] server:web_fetch {"url": "https://cfa-gallery.com/exhibitions/ausstellung-realisiert-durch-seine-tochter-anna-tripamer-772b84cd/"}
  [berlin #0] server:web_fetch {"url": "https://cfa-gallery.com/exhibitions/de-sensu-4a908cbd/"}
  [berlin #0] server:web_fetch {"url": "https://co-berlin.org/en/programm/ausstellungen/carrie-mae-weems"}
  [berlin #0] server:web_search {"query": "C/O Berlin Carrie Mae Weems The Heart of the Matter"}
  [berlin #0] server:web_fetch {"url": "https://co-berlin.org/de/programm/ausstellungen/carrie-mae-weems"}
  [berlin #0] server:web_fetch {"url": "https://co-berlin.org/de/programm/ausstellungen/stelios-kallinikou"}
  [berlin #0] server:web_fetch {"url": "https://co-berlin.org/de/programm/ausstellungen/susanne-kriemann"}
  [berlin #0] server:web_search {"query": "co-berlin.org Stelios Kallinikou Cliffs Among Dreams"}
  [berlin #0] server:web_search {"query": "co-berlin.org Susanne Kriemann Butterflies Flutter Fever Sun"}
  [berlin #0] tool:confirm_show {"city": "berlin", "slug": "co-berlin-carrie-mae-weems", "status": "verified", "reason": null, "corrections": null}
  [berlin #0] tool:confirm_show {"city": "berlin", "slug": "co-berlin-kallinikou", "status": "verified", "reason": null, "corrections": null}
  [berlin #0] tool:confirm_show {"city": "berlin", "slug": "co-berlin-kriemann", "status": "verified", "reason": null, "corrections": null}
  [berlin #1] Now let's check CAMERA WORK's "Never Forget" show.
  [berlin #1] server:web_search {"query": "camerawork.de Never Forget September 11 2001 exhibition"}
  [berlin #1] server:web_search {"query": "cfa-gallery.com Walter Pichler Anna Tripamer exhibition"}
  [berlin #1] server:web_fetch {"url": "https://cfa-gallery.com/berlin/"}
  [berlin #1] server:web_fetch {"url": "https://camerawork.de/en/homepage/"}
  [berlin #1] Both confirmed. CFA Pichler and CFA Ikemura both Sep 11–Oct 24, 2026 matches saved. CAMERA WORK confirmed Sep 5–Oct 2, 2026 matches saved.
  [berlin #1] tool:confirm_show {"city": "berlin", "slug": "camerawork-never-forget", "status": "verified", "reason": null, "corrections": null}
  [berlin #1] tool:confirm_show {"city": "berlin", "slug": "cfa-pichler", "status": "verified", "reason": null, "corrections": null}
  [berlin #1] tool:confirm_show {"city": "berlin", "slug": "cfa-ikemura", "status": "verified", "reason": null, "corrections": null}
  [berlin #0] server:code_execution {"code": "\nimport json, asyncio\n\nurls = [\n    \"https://www.barbarawien.de/exhibition.php\",\n    \"https://dorotheenilsson.com/henrik-s
  [berlin #0] server:web_fetch {"url": "https://www.barbarawien.de/exhibition.php"}
  [berlin #0] server:web_fetch {"url": "https://dorotheenilsson.com/henrik-stroemberg-the-now-and-then/"}
  [berlin #0] server:web_fetch {"url": "https://www.estherschipper.com/exhibitions/1600-fire-sermon-tuan-andrew-nguyen/"}
  [berlin #0] server:web_fetch {"url": "https://www.galerie-nothelfer.de/de/exhibition/328-follow-the-white-rabbit-groupshow"}
  [berlin #0] server:web_fetch {"url": "https://www.galerie-nothelfer.de/de/exhibition/299-collection-nothelfer-selection-of-works-from-the-1960s-to-the-present"}
  [berlin #0] server:web_fetch {"url": "https://www.guidowbaudach.com/en/exhibitions/second-echo"}
  [berlin #0] server:web_fetch {"url": "https://bortolozzi.com/wu-tsang/"}
  [berlin #0] server:web_fetch {"url": "https://tanjawagner.com/exhibitions/2026-the-seed-is-the-tree-is-the-house/"}
  [berlin #0] server:web_fetch {"url": "https://hua-international.com/exhibitions/68-nachleben-group-show-prinz-gholam-helene-delprat-alma-feldhandler-christa-joo/"}
  [berlin #0] server:web_fetch {"url": "https://www.jarmuschek.de/malwine-stauss-2026"}
  [berlin #0] server:web_fetch {"url": "https://www.reitergalleries.com/en/exhibitions/upcomming/"}
  [berlin #0] server:web_fetch {"url": "https://www.setareh.com/exhibitions"}
  [berlin #0] server:web_fetch {"url": "https://schiefe-zaehne.com/exhibitions/this/"}
  [berlin #0] server:web_fetch {"url": "https://www.tanyaleighton.com/current"}
  [berlin #0] server:code_execution {"code": "\nfor u in urls:\n    r = results[u]\n    print(u, type(r))\n"}
  [berlin #0] server:code_execution {"code": "\nfor u in urls:\n    print(u, \"=>\", results[u][:200])\n    print(\"---\")\n"}
  [berlin #0] tool:render_fetch {"url": "https://www.barbarawien.de/exhibition.php"}
  [berlin #0] tool:render_fetch {"url": "https://dorotheenilsson.com/henrik-stroemberg-the-now-and-then/"}
  [berlin #0] server:code_execution {"code": "\nimport json\nurls = [\n    \"https://www.betweenbridges.net/\",\n    \"https://buchmanngalerie.com/exhibitions/berlin/jim-butler
  [berlin #0] server:web_fetch {"url": "https://www.betweenbridges.net/"}
  [berlin #0] server:web_fetch {"url": "https://buchmanngalerie.com/exhibitions/berlin/jim-butler/new-england-paintings/2026"}
  [berlin #0] server:web_fetch {"url": "https://www.carliergebauer.com/exhibition/new-systems-for-relationships/"}
  [berlin #0] server:web_fetch {"url": "https://www.carliergebauer.com/exhibition/animal-mirror/"}
  [berlin #0] server:web_fetch {"url": "https://ebensperger.net/exhibitions/"}
  [berlin #0] server:web_fetch {"url": "https://bthumm.de/"}
  [berlin #0] server:web_fetch {"url": "https://www.galeriethomasschulte.com/exhibitions/206-lifedeath-katharina-sieverding/"}
  [berlin #0] server:web_fetch {"url": "https://www.galeriethomasschulte.com/exhibitions/208-die-sein-para-psychics-expanded-excerpt-kerstin-bratsch/"}
  [berlin #0] server:code_execution {"code": "\nr = await web_fetch({\"url\": \"https://www.betweenbridges.net/\"})\nprint(type(r))\nprint(r if isinstance(r,str) else type(r))\
  [berlin #0] server:web_fetch {"url": "https://www.betweenbridges.net/"}
  [berlin #0] server:code_execution {"code": "\nimport json\nurls = [\n    \"http://www.betweenbridges.net/\",\n    \"https://www.betweenbridges.net/about-contact\",\n]\nfor u 
  [berlin #0] server:web_fetch {"url": "http://www.betweenbridges.net/"}
  [berlin #0] server:web_fetch {"url": "https://www.betweenbridges.net/about-contact"}
  [berlin #0] server:code_execution {"code": "\nimport json\nr = await web_search({\"query\": \"Between Bridges Rachel Seidu Love is the work Berlin\"})\nfor x in r[:5]:\n    p
  [berlin #0] server:web_search {"query": "Between Bridges Rachel Seidu Love is the work Berlin"}
  [berlin #0] server:code_execution {"code": "\nimport json\nr = await web_search({\"query\": \"Between Bridges Rachel Seidu Love is the work Berlin\"})\nprint(type(r))\nr2 = j
  [berlin #0] server:web_search {"query": "Between Bridges Rachel Seidu Love is the work Berlin"}
  [berlin #0] server:code_execution {"code": "\nimport json\nr = await web_fetch({\"url\": \"https://berlinartweek.de/en/event/rachel-seidu-love-is-the-work/0604322c-394b-4cde-
  [berlin #0] server:web_fetch {"url": "https://berlinartweek.de/en/event/rachel-seidu-love-is-the-work/0604322c-394b-4cde-95cb-63048dd1f571/"}
  [berlin #0] server:code_execution {"code": "\nprint(json.dumps(d)[:3000])\n"}
  [berlin #0] server:code_execution {"code": "\nimport json, re\n\nasync def fetch_text(url):\n    r = await web_fetch({\"url\": url})\n    try:\n        d = json.loads(r)\n   
  [berlin #0] server:web_fetch {"url": "https://berlinartweek.de/en/event/rachel-seidu-love-is-the-work/0604322c-394b-4cde-95cb-63048dd1f571/"}
  [berlin #0] server:code_execution {"code": "\nfor kw in [\"Between Bridges\", \"10.09\", \"25.10\", \"2026-09\", \"Opening\", \"Ausstellung\", \"10.9\", \"25.10.2026\"]:\n   
  [berlin #0] server:code_execution {"code": "print(text[3300:4800])"}
  [berlin #0] server:code_execution {"code": "\nr = await web_fetch({\"url\": \"https://www.betweenbridges.net/\"})\nd = json.loads(r)\nprint(d.get(\"type\"), d.get(\"error_cod
  [berlin #0] server:web_fetch {"url": "https://www.betweenbridges.net/"}
  [berlin #0] Good, now it works.
  [berlin #0] server:code_execution {"code": "\ntext_bb = await fetch_text(\"https://www.betweenbridges.net/\")\nprint(text_bb[:3000])\n"}
  [berlin #0] server:web_fetch {"url": "https://www.betweenbridges.net/"}
  [berlin #0] tool:confirm_show {"city": "berlin", "slug": "between-bridges-rachel-seidu-love-is-the-work", "status": "verified", "reason": "Confirmed on betweenbridges.net
  [berlin #1] server:web_fetch {"url": "https://www.barbarawien.de/exhibition.php"}
  [berlin #1] server:web_fetch {"url": "https://dorotheenilsson.com/henrik-stroemberg-the-now-and-then/"}
  [berlin #1] server:web_search {"query": "Barbara Wien Andreas Eriksson Horizontal Fold"}
  [berlin #1] server:web_search {"query": "Doroth\u00e9e Nilsson Gallery Henrik Str\u00f6mberg the now and then"}
  [berlin #1] server:web_fetch {"url": "https://dorotheenilsson.com/henrik-stroemberg-the-now-and-then/"}
  [berlin #1] server:web_fetch {"url": "https://www.indexberlin.com/venues/list/646/barbara-wien"}
  [berlin #1] server:web_fetch {"url": "https://www.indexberlin.com/venues/list/28382/dorothee-nilsson-gallery"}
  [berlin #1] server:web_search {"query": "\"Henrik Str\u00f6mberg\" \"the now and then\" Doroth\u00e9e Nilsson site:artsy.net OR site:indexberlin.com"}
  [berlin #1] server:web_search {"query": "\"Henrik Str\u00f6mberg\" \"now and then\" Doroth\u00e9e Nilsson artsy.net"}
  [berlin #1] server:web_search {"query": "Doroth\u00e9e Nilsson Gallery \"the now and then\" until October"}
  [berlin #1] tool:confirm_show {"city": "berlin", "slug": "barbara-wien-horizontal-fold", "status": "verified", "reason": null, "corrections": null}
  [berlin #1] tool:confirm_show {"city": "berlin", "slug": "nilsson-stromberg-now-and-then", "status": "verified", "reason": "Venue site still lists no closing date for thi
  [berlin #2] Now let's check Galerie Berinson Brassaï, Galerie Buchholz Roubaud, Galerie Crone Krauss, Galerie kajetan.
  [berlin #2] server:web_search {"query": "berinson.de Brassa\u00ef 1899 1984 Retrospektive"}
  [berlin #2] server:web_search {"query": "galeriebuchholz.de Alix Cl\u00e9o Roubaud \"Si quelque chose noir\""}
  [berlin #2] server:web_search {"query": "galeriecrone.com Clemens Krauss Sediments 2026"}
  [berlin #2] server:web_search {"query": "kajetan.berlin Haleh Redjaian Transit"}
  [berlin #2] server:web_fetch {"url": "https://www.galeriecrone.com/berlin"}
  [berlin #2] server:web_search {"query": "site:kajetan.berlin Redjaian Transit"}
  [berlin #2] server:web_search {"query": "berinson.de exhibitions Brassai retrospektive"}
  [berlin #2] server:web_fetch {"url": "https://www.berinson.de/en/exhibitions/"}
  [berlin #2] server:web_fetch {"url": "https://kajetan.berlin/"}
  [berlin #2] server:web_fetch {"url": "https://galeriebuchholz.de/exhibitions/alix-cleo-roubaud-galerie-berlin-2026"}
  [berlin #2] server:web_fetch {"url": "https://www.berinson.de/en/exhibitions/brassai-1899-1984-retrospektive/"}
  [berlin #2] server:web_search {"query": "kajetan.berlin Haleh Redjaian Transit September November 2026"}
  [berlin #2] server:web_fetch {"url": "https://kajetan.berlin/kuenstler/haleh-redjaian/"}
  [berlin #2] server:web_search {"query": "kajetan.berlin Transit Redjaian \"November\""}
  [berlin #2] server:web_fetch {"url": "https://kajetan.berlin/vorschau/"}
  [berlin #2] Confirmed: kajetan Redjaian Transit Sep 12 – Nov 14, 2026 matches saved dates exactly.
  [berlin #2] tool:confirm_show {"city": "berlin", "slug": "berinson-brassai", "status": "verified", "reason": null, "corrections": null}
  [berlin #2] tool:confirm_show {"city": "berlin", "slug": "crone-krauss-sediments", "status": "verified", "reason": null, "corrections": null}
  [berlin #2] tool:confirm_show {"city": "berlin", "slug": "kajetan-redjaian-transit", "status": "verified", "reason": null, "corrections": null}
  [berlin #2] Now let's check Esther Schipper, Galerie Georg Nothelfer (2 shows), Baudach, Bortolozzi, Tanja Wagner.
  [berlin #2] server:web_search {"query": "Esther Schipper \"Fire Sermon\" Tuan Andrew Nguyen"}
  [berlin #2] server:web_search {"query": "Galerie Georg Nothelfer \"Follow the White Rabbit\" 2026"}
  [berlin #2] tool:confirm_show {"city": "berlin", "slug": "schipper-fire-sermon", "status": "verified", "reason": null, "corrections": null}
  [berlin #2] tool:confirm_show {"city": "berlin", "slug": "nothelfer-follow-white-rabbit", "status": "verified", "reason": null, "corrections": null}
  [berlin #2] tool:confirm_show {"city": "berlin", "slug": "nothelfer-collection", "status": "verified", "reason": null, "corrections": null}
  [berlin #3] Now let's handle Buchholz Roubaud. The URL for the venue page failed earlier; let's search for it directly.
  [berlin #3] server:web_search {"query": "\"galeriebuchholz.de\" Roubaud Berlin 2026 \"Si quelque chose noir\""}
  [berlin #3] server:web_search {"query": "Galerie Buchholz Berlin Alix Cl\u00e9o Roubaud September 2026 exhibition"}
  [berlin #3] Confirmed via venue's own site (galeriebuchholz.de homepage listing) plus multiple secondary sources (Ocula, Frieze, GalleriesNow, IndexBerlin): Sep 10–31 Oct 2026 matches saved dates.
  [berlin #3] tool:confirm_show {"city": "berlin", "slug": "buchholz-roubaud", "status": "verified", "reason": null, "corrections": null}
  [berlin #4] Now let's do the Kornfeld show (not marked as VENUE FACTS VERIFIED — needs full check including cross-check data given).
  [berlin #4] server:web_search {"query": "kornfeldgalerie.com Valentina Murabito Lockruf der Sirenen"}
  [berlin #4] server:web_fetch {"url": "https://kornfeldgalerie.com/exhibitions/183-valentina-murabito-lockruf-der-sirenen.-visionen-eines/"}
  [berlin #4] server:web_search {"query": "kornfeldgalerie.com exhibitions 183 valentina-murabito lockruf"}
  [berlin #4] tool:render_fetch {"url": "https://kornfeldgalerie.com/exhibitions/183-valentina-murabito-lockruf-der-sirenen.-visionen-eines/"}
  [berlin #3] Now let's check Baudach, Bortolozzi, Tanja Wagner.
  [berlin #3] server:web_search {"query": "Guido W. Baudach \"Second Echo\" Andy Hope 1930"}
  [berlin #3] server:web_search {"query": "Isabella Bortolozzi Wu Tsang exhibition 2026"}
  [berlin #3] server:web_search {"query": "Tanja Wagner \"The Seed Is the Tree Is the House\""}
  [berlin #3] server:web_fetch {"url": "https://bortolozzi.com/wu-tsang/"}
  [berlin #3] server:web_fetch {"url": "https://bortolozzi.com/"}
  [berlin #3] tool:confirm_show {"city": "berlin", "slug": "baudach-second-echo", "status": "verified", "reason": null, "corrections": null}
  [berlin #3] tool:confirm_show {"city": "berlin", "slug": "bortolozzi-wu-tsang", "status": "verified", "reason": null, "corrections": null}
  [berlin #3] tool:confirm_show {"city": "berlin", "slug": "tanja-wagner-seed-tree-house", "status": "verified", "reason": null, "corrections": null}
  [berlin #1] server:code_execution {"code": "\nurls = [\n \"https://buchmanngalerie.com/exhibitions/berlin/jim-butler/new-england-paintings/2026\",\n \"https://www.carliergeba
  [berlin #1] server:web_fetch {"url": "https://buchmanngalerie.com/exhibitions/berlin/jim-butler/new-england-paintings/2026"}
  [berlin #1] server:web_fetch {"url": "https://www.carliergebauer.com/exhibition/new-systems-for-relationships/"}
  [berlin #1] server:web_fetch {"url": "https://www.carliergebauer.com/exhibition/animal-mirror/"}
  [berlin #1] server:web_fetch {"url": "https://ebensperger.net/exhibitions/"}
  [berlin #1] server:web_fetch {"url": "https://bthumm.de/"}
  [berlin #1] server:code_execution {"code": "\nimport asyncio\nurls = [\n \"https://buchmanngalerie.com/exhibitions/berlin/jim-butler/new-england-paintings/2026\",\n \"https:/
  [berlin #1] server:web_fetch {"url": "https://buchmanngalerie.com/exhibitions/berlin/jim-butler/new-england-paintings/2026"}
  [berlin #1] server:web_fetch {"url": "https://www.carliergebauer.com/exhibition/new-systems-for-relationships/"}
  [berlin #1] server:web_fetch {"url": "https://www.carliergebauer.com/exhibition/animal-mirror/"}
  [berlin #1] server:web_fetch {"url": "https://ebensperger.net/exhibitions/"}
  [berlin #1] server:web_fetch {"url": "https://bthumm.de/"}
  [berlin #1] server:code_execution {"code": "\nimport json\nqueries = [\n    \"Buchmann Galerie Jim Butler New England Paintings\",\n    \"carlier gebauer New Systems For Rela
  [berlin #1] server:web_search {"query": "Buchmann Galerie Jim Butler New England Paintings"}
  [berlin #1] server:web_search {"query": "carlier gebauer New Systems For Relationships Lucia Koch"}
  [berlin #1] server:web_search {"query": "carlier gebauer Animal Mirror exhibition"}
  [berlin #1] server:web_search {"query": "Ebensperger Berlin exhibitions"}
  [berlin #1] server:web_search {"query": "Galerie Barbara Thumm Fiona Banner Carrie Mae Weems"}
  [berlin #1] Now let's fetch the actual pages.
  [berlin #1] server:code_execution {"code": "\nurls = [\n \"https://buchmanngalerie.com/\",\n \"https://www.carliergebauer.com/\",\n \"https://bthumm.de/\",\n]\nout = {}\nfor 
  [berlin #1] server:web_fetch {"url": "https://buchmanngalerie.com/"}
  [berlin #1] server:web_fetch {"url": "https://www.carliergebauer.com/"}
  [berlin #1] server:web_fetch {"url": "https://bthumm.de/"}
  [berlin #1] server:code_execution {"code": "\nc = out[\"https://buchmanngalerie.com/\"]\nidx = c.find(\"Butler\")\nprint(c[max(0,idx-500):idx+1000])\n"}
  [berlin #1] server:code_execution {"code": "\nc = out[\"https://www.carliergebauer.com/\"]\nprint(c[:3000])\n"}
  [berlin #1] server:code_execution {"code": "\nc = out[\"https://bthumm.de/\"]\nfor kw in [\"Banner\",\"Weems\",\"Helicopter\",\"2026\"]:\n    idx = c.find(kw)\n    print(kw, 
  [berlin #1] server:code_execution {"code": "print(c[1500:4500])"}
  [berlin #1] server:code_execution {"code": "print(c[4100:5800])"}
  [berlin #1] server:code_execution {"code": "\nidx = c.find(\"Carrie Mae Weems\", 5800)\nprint(idx)\nprint(c[idx-200:idx+1500])\n"}
  [berlin #1] tool:confirm_show {"city": "berlin", "slug": "buchmann-jim-butler-new-england-paintings", "status": "verified", "reason": "Confirmed on buchmanngalerie.com: \
  [berlin #1] tool:confirm_show {"city": "berlin", "slug": "carliergebauer-lucia-koch-new-systems", "status": "verified", "reason": "Confirmed on carliergebauer.com: \"L\u0
  [berlin #1] tool:confirm_show {"city": "berlin", "slug": "carliergebauer-animal-mirror", "status": "verified", "reason": "Confirmed on carliergebauer.com: \"Group Exhibit
  [berlin #1] tool:confirm_show {"city": "berlin", "slug": "bthumm-fiona-banner-poems-for-helicopter-blades", "status": "verified", "reason": "Confirmed on bthumm.de: \"Fio
  [berlin #1] tool:confirm_show {"city": "berlin", "slug": "bthumm-carrie-mae-weems", "status": "verified", "reason": "Confirmed on bthumm.de: \"Carrie Mae Weems Carrie Mae
  [berlin #5] server:web_fetch {"url": "https://kornfeldgalerie.com/"}
  [berlin #5] server:web_fetch {"url": "https://kornfeldgalerie.com/exhibitions/"}
  [berlin #5] server:web_search {"query": "kornfeldgalerie.com contact Fasanenstra\u00dfe 26 phone"}
  [berlin #5] Confirmed venue's own contact page: address Fasanenstr. 26, 10719 Berlin; hours Tue–Sat 11am–6pm; phone +49 (0)30 889 225 890. Address and hours match saved data exactly; phone was previously "None" a
  [berlin #5] tool:confirm_show {"city": "berlin", "slug": "kornfeld-murabito", "status": "corrected", "reason": "Added phone number from venue's own contact page (was miss
  [berlin #6] Now let's handle the remaining shows: Hetzler Grace Weaver, Galerie Michael Haas (2), Galerie Springer, Volker Diehl, Haus am Waldsee (3), Haverkampf (2), Societe, Wentrup, Zilberman.
  [berlin #6] server:web_search {"query": "maxhetzler.com Grace Weaver Parataxis exhibition"}
  [berlin #6] server:web_search {"query": "galeriehaas.com \"in between Sommer 2026\" exhibition"}
  [berlin #6] server:web_search {"query": "galeriehaas.com Strawalde Parade exhibition"}
  [berlin #6] tool:confirm_show {"city": "berlin", "slug": "hetzler-grace-weaver-parataxis", "status": "verified", "reason": null, "corrections": null}
  [berlin #6] tool:confirm_show {"city": "berlin", "slug": "haas-in-between-sommer-2026", "status": "verified", "reason": null, "corrections": null}
  [berlin #6] tool:confirm_show {"city": "berlin", "slug": "haas-strawalde-parade", "status": "verified", "reason": null, "corrections": null}
  [berlin #4] Now let's check HUA International, Jarmuschek + Partner, REITER, SETAREH, Schiefe Zähne, Tanya Leighton.
  [berlin #4] server:web_search {"query": "HUA International Berlin \"Nachleben\" Prinz Gholam"}
  [berlin #4] server:web_search {"query": "Jarmuschek Partner Malwine Stauss \"Materie unter Materie\""}
  [berlin #4] server:web_search {"query": "REITER galleries Berlin Hans Aichinger \"Be Real\""}
  [berlin #4] server:web_fetch {"url": "https://www.jarmuschek.de/malwine-stauss-2026"}
  [berlin #4] server:web_fetch {"url": "https://hua-international.com/exhibitions/current/"}
  [berlin #4] server:web_fetch {"url": "https://www.reitergalleries.com/en/exhibitions/upcomming/"}
  [berlin #4] server:web_search {"query": "jarmuschek.de Malwine Stauss 2026"}
  [berlin #4] server:web_search {"query": "hua-international.com Nachleben exhibitions"}
  [berlin #4] server:web_fetch {"url": "https://hua-international.com/exhibitions/current/"}
  [berlin #4] server:web_fetch {"url": "https://www.jarmuschek.de/malwine-stauss-2024"}
  [berlin] registry attached:hua-international from https://hua-international.com/exhibitions/current/
  [berlin #4] server:web_fetch {"url": "https://www.jarmuschek.de/malwine-stauss-2026"}
  [berlin #4] tool:confirm_show {"city": "berlin", "slug": "hua-nachleben", "status": "verified", "reason": null, "corrections": null}
  [berlin #4] tool:confirm_show {"city": "berlin", "slug": "jarmuschek-malwine-stauss", "status": "verified", "reason": null, "corrections": null}
  [berlin #7] Now Springer Animals, Volker Diehl Hal Busse, Haus am Waldsee shows (3), Haverkampf shows (2), Societe, Wentrup, Zilberman.
  [berlin #7] server:web_search {"query": "galeriespringer.de \"Animals\" exhibition 2026"}
  [berlin #7] server:web_search {"query": "galerievolkerdiehl.com Hal Busse Werk und Wirken"}
  [berlin #7] server:web_search {"query": "hausamwaldsee.de \"Wo ich wohne\" exhibition 2026"}
  [berlin #7] tool:confirm_show {"city": "berlin", "slug": "springer-animals", "status": "verified", "reason": null, "corrections": null}
  [berlin #7] tool:confirm_show {"city": "berlin", "slug": "hausamwaldsee-wo-ich-wohne", "status": "verified", "reason": null, "corrections": null}
  [berlin #2] Now let's fetch the Ebensperger exhibitions page (with date-fill needed since two shows have no end dates), and Galerie Thomas Schulte pages.
  [berlin #2] server:code_execution {"code": "\nr = await fetch_text(\"https://ebensperger.net/exhibitions/\")\nprint(r[:200])\n"}
  [berlin #2] server:web_fetch {"url": "https://ebensperger.net/exhibitions/"}
  [berlin #2] server:code_execution {"code": "\nr = await web_search({\"query\": \"Ebensperger Chicks on Speed Mobilisation Poprade\"})\nr2 = json.loads(r)\nfor x in r2[:5]:\n 
  [berlin #2] server:web_search {"query": "Ebensperger Chicks on Speed Mobilisation Poprade"}
  [berlin #2] server:code_execution {"code": "\nfor u in [\"https://ebensperger.net/\", \"https://ebensperger.net/exhibitions/\", \"http://www.ebensperger.net/\"]:\n    r = awa
  [berlin #2] server:web_fetch {"url": "https://ebensperger.net/"}
  [berlin #2] server:web_fetch {"url": "https://ebensperger.net/exhibitions/"}
  [berlin #2] server:web_fetch {"url": "http://www.ebensperger.net/"}
  [berlin #2] server:code_execution {"code": "\nr = await web_search({\"query\": \"ebensperger.net exhibitions\"})\nr2 = json.loads(r)\nfor x in r2[:6]:\n    print(x.get(\"titl
  [berlin #2] server:web_search {"query": "ebensperger.net exhibitions"}
  [berlin #2] Now the URL should be in prior context.
  [berlin #2] server:code_execution {"code": "\nr = await fetch_text(\"https://ebensperger.net/exhibitions/\")\nprint(r[:3000])\n"}
  [berlin #2] server:web_fetch {"url": "https://ebensperger.net/exhibitions/"}
  [berlin #2] server:code_execution {"code": "\nidx = r.find(\"Chicks on Speed\")\nprint(r[idx:idx+2000])\n"}
  [berlin #2] server:code_execution {"code": "\nr = await web_search({\"query\": \"\\\"Chicks on Speed\\\" Ebensperger Mobilisation Poprade artsy OR index\"})\nr2 = json.loads(
  [berlin #2] server:web_search {"query": "\"Chicks on Speed\" Ebensperger Mobilisation Poprade artsy OR index"}
  [berlin #2] server:web_search {"query": "Bonnie Camplin Archive BCA Ebensperger Berlin"}
  [berlin #2] server:code_execution {"code": "\nr = await fetch_text(\"https://www.artatberlin.com/en/exhibitions-young-galleries/ebensperger-berlin-en/\")\nidx = r.find(\"Chic
  [berlin #2] server:web_fetch {"url": "https://www.artatberlin.com/en/exhibitions-young-galleries/ebensperger-berlin-en/"}
  [berlin #2] tool:confirm_show {"city": "berlin", "slug": "ebensperger-chicks-on-speed", "status": "verified", "reason": "Venue site confirms \"Chicks on Speed, the Mobili
  [berlin #2] tool:confirm_show {"city": "berlin", "slug": "ebensperger-bonnie-camplin-archive", "status": "verified", "reason": "Venue site confirms \"Bonnie Camplin Archi
  [berlin #5] server:web_fetch {"url": "https://www.reitergalleries.com/en/exhibitions/upcomming/"}
  [berlin #5] server:web_search {"query": "REITER galleries Berlin \"Be Real\" Hans Aichinger September opening"}
  [berlin #5] server:web_search {"query": "REITER Berlin \"Hans Aichinger\" artsy.net OR indexberlin.com"}
  [berlin #5] server:web_search {"query": "\"Hans Aichinger\" REITER Berlin Ballenstedter"}
  [berlin #5] server:web_search {"query": "\"Be Real\" Aichinger Reiter Berlin mutualart dates 2026"}
  [berlin #5] tool:confirm_show {"city": "berlin", "slug": "reiter-be-real", "status": "verified", "reason": "Venue's own upcoming-exhibitions page confirms Be Real. by Han
  [berlin #8] Now let's check the other two Haus am Waldsee shows and Volker Diehl.
  [berlin #8] server:web_search {"query": "hausamwaldsee.de Veit Laurent Kurz \"Green Sanctuary\""}
  [berlin #8] server:web_search {"query": "hausamwaldsee.de Ayumi Paul \"Fischmond am Waldsee\""}
  [berlin #8] server:web_search {"query": "galerievolkerdiehl.com \"Hal Busse. Werk und Wirken\" 2026 September"}
  [berlin #8] server:web_search {"query": "\"galerievolkerdiehl.com\" OR \"galerievolkerdiehl\" \"Hal Busse\" \"Werk und Wirken\" Berlin September 12"}
  [berlin #8] server:web_search {"query": "galerievolkerdiehl.com/exhibition/hal_busse_werk_und_wirken"}
  [berlin #8] server:web_fetch {"url": "https://galerievolkerdiehl.com/"}
  [berlin #8] Confirmed: Hal Busse. Werk und Wirken, 12.09.2026 - 16.10.2026 at DIEHL — exact match to saved dates.
  [berlin #8] tool:confirm_show {"city": "berlin", "slug": "diehl-hal-busse-werk-und-wirken", "status": "verified", "reason": null, "corrections": null}
  [berlin #8] tool:confirm_show {"city": "berlin", "slug": "hausamwaldsee-veit-laurent-kurz", "status": "verified", "reason": null, "corrections": null}
  [berlin #8] tool:confirm_show {"city": "berlin", "slug": "hausamwaldsee-ayumi-paul-fischmond", "status": "verified", "reason": null, "corrections": null}
  [berlin #6] server:web_search {"query": "SETAREH Berlin \"Genius Loci XIII\" exhibition"}
  [berlin #6] server:web_search {"query": "Schiefe Z\u00e4hne Berlin \"This!\" exhibition September 2026"}
  [berlin #6] server:web_search {"query": "Tanya Leighton Luisa Rabbia \"Containing the Container\""}
  [berlin #6] server:web_fetch {"url": "https://www.setareh.com/exhibitions"}
  [berlin #6] tool:confirm_show {"city": "berlin", "slug": "setareh-genius-loci-xiii", "status": "verified", "reason": null, "corrections": null}
  [berlin #6] tool:confirm_show {"city": "berlin", "slug": "schiefe-zaehne-this", "status": "verified", "reason": null, "corrections": null}
  [berlin #6] tool:confirm_show {"city": "berlin", "slug": "tanya-leighton-rabbia-containing", "status": "verified", "reason": null, "corrections": null}
  [berlin #0] server:code_execution {"code": "\nimport json, asyncio\n\nurls = [\n \"https://alexanderlevy.de/exhibitions/current\",\n \"https://alexanderlevy.de/exhibition/sto
  [berlin #0] server:web_fetch {"url": "https://alexanderlevy.de/exhibitions/current"}
  [berlin #0] server:web_fetch {"url": "https://alexanderlevy.de/exhibition/storm"}
  [berlin #0] server:web_fetch {"url": "https://www.capitainpetzel.de/exhibitions/151-austin-martin-white-the-lie-the-larp-and-the-lusophile/"}
  [berlin #0] server:web_fetch {"url": "https://www.capitainpetzel.de/exhibitions/"}
  [berlin #0] server:web_fetch {"url": "https://www.plan-b.ro/exhibition/achraf-touloub-2026/"}
  [berlin #0] server:web_fetch {"url": "https://www.plan-b.ro/exhibitions/"}
  [berlin #0] server:web_fetch {"url": "https://antonjanizewski.com/marie-schubert-exuvie/"}
  [berlin #0] server:web_fetch {"url": "https://antonjanizewski.com/exhibitions/"}
  [berlin #0] server:web_fetch {"url": "https://deschler-berlin.de/exhibitions/handmade-by-part-ii-f12f7796/"}
  [berlin #0] server:web_fetch {"url": "https://deschler-berlin.de/exhibitions/"}
  [berlin #0] server:code_execution {"code": "\nr = await web_fetch({\"url\": \"https://alexanderlevy.de/exhibitions/current\"})\nprint(type(r))\nprint(r[:500] if isinstance(r,
  [berlin #0] server:web_fetch {"url": "https://alexanderlevy.de/exhibitions/current"}
  [berlin #0] server:code_execution {"code": "\nimport json\n\nasync def fetch(u):\n    r = await web_fetch({\"url\": u})\n    d = json.loads(r)\n    return d\n\nd = await fetc
  [berlin #0] server:web_fetch {"url": "https://alexanderlevy.de/exhibitions/current"}
  [berlin #0] server:code_execution {"code": "\nimport json\n\nasync def fetch(u):\n    try:\n        r = await web_fetch({\"url\": u})\n        d = json.loads(r)\n        retu
  [berlin #0] server:web_fetch {"url": "https://alexanderlevy.de/exhibitions/current"}
  [berlin #0] server:web_fetch {"url": "https://www.capitainpetzel.de/exhibitions/"}
  [berlin #0] server:web_fetch {"url": "https://www.plan-b.ro/exhibitions/"}
  [berlin #0] server:web_fetch {"url": "https://antonjanizewski.com/exhibitions/"}
  [berlin #0] server:code_execution {"code": "\nimport json\n\nasync def search(q):\n    r = await web_search({\"query\": q})\n    return r\n\nres = await search(\"alexander le
  [berlin #0] server:web_search {"query": "alexander levy Sinta Werner Modul im Modell"}
  [berlin #0] server:code_execution {"code": "\nprint(type(res))\nprint(res[:2000])\n"}
  [berlin #0] server:code_execution {"code": "\nimport json\n\nasync def search(q):\n    r = await web_search({\"query\": q})\n    return json.loads(r)\n\nqueries = [\n    \"si
  [berlin #0] server:web_search {"query": "site:alexanderlevy.de exhibitions current"}
  [berlin #0] server:web_search {"query": "site:capitainpetzel.de Austin Martin White"}
  [berlin #0] server:web_search {"query": "site:plan-b.ro Achraf Touloub Pleiades"}
  [berlin #0] server:web_search {"query": "site:antonjanizewski.com Marie Schubert Exuvie"}
  [berlin #0] Now let's try fetching these URLs since they appeared in search results.
  [berlin #0] server:code_execution {"code": "\nimport json\n\nasync def fetch(u):\n    try:\n        r = await web_fetch({\"url\": u})\n        d = json.loads(r)\n        retu
  [berlin #0] server:web_fetch {"url": "https://alexanderlevy.de/exhibitions/current"}
  [berlin #0] server:web_fetch {"url": "https://www.plan-b.ro/exhibitions/"}
  [berlin #0] server:web_fetch {"url": "https://antonjanizewski.com/exhibitions/"}
  [berlin #0] Now it works after appearing in search. Let me fetch content for these three.
  [berlin #0] server:code_execution {"code": "\nfor u in urls:\n    d = await fetch(u)\n    print(\"=\"*20, u)\n    print(d.get(\"content\",\"\")[:1500])\n    print()\n"}
  [berlin #0] server:web_fetch {"url": "https://alexanderlevy.de/exhibitions/current"}
  [berlin #0] server:code_execution {"code": "\nd = await fetch(\"https://alexanderlevy.de/exhibitions/current\")\nprint(type(d), list(d.keys()) if isinstance(d,dict) else d)\n
  [berlin #0] server:web_fetch {"url": "https://alexanderlevy.de/exhibitions/current"}
  [berlin #0] server:code_execution {"code": "\nprint(type(d['content']))\nprint(d['content'] if isinstance(d['content'], str) else d['content'][:3])\n"}
  [berlin #0] server:code_execution {"code": "\nprint(d['content'])\n"}
  [berlin #0] server:code_execution {"code": "\ndef get_text(d):\n    try:\n        return d['content']['source']['data']\n    except Exception:\n        return str(d)\n\nprint
  [berlin #0] Show 1 confirmed. Now let's check Capitain Petzel.
  [berlin #0] server:code_execution {"code": "\nr = await web_search({\"query\": \"Capitain Petzel Austin Martin White lie larp lusophile exhibition\"})\nr = json.loads(r)\nfor
  [berlin #0] server:web_search {"query": "Capitain Petzel Austin Martin White lie larp lusophile exhibition"}
  [berlin #0] server:code_execution {"code": "\nd = await fetch(\"https://www.capitainpetzel.de/\")\nprint(get_text(d)[:2000])\n"}
  [berlin #0] server:web_fetch {"url": "https://www.capitainpetzel.de/"}
  [berlin #0] server:code_execution {"code": "\ntxt = get_text(d)\nidx = txt.find(\"Austin\")\nprint(txt[idx-200:idx+800])\n"}
  [berlin #0] Confirmed dates: 10 September – 17 October 2026, matches. Second source (berlin.de tickets) exists. Now let's check Plan B.
  [berlin #0] server:code_execution {"code": "\nd = await fetch(\"https://www.plan-b.ro/exhibitions/\")\ntxt = get_text(d)\nidx = txt.find(\"Touloub\")\nprint(txt[max(0,idx-300
  [berlin #0] server:web_fetch {"url": "https://www.plan-b.ro/exhibitions/"}
  [berlin #0] server:code_execution {"code": "\nr = await web_search({\"query\": \"plan-b.ro Achraf Touloub Pleiades 2026 exhibition Berlin\"})\nr = json.loads(r)\nfor item in 
  [berlin #0] server:web_search {"query": "plan-b.ro Achraf Touloub Pleiades 2026 exhibition Berlin"}
  [berlin #0] server:code_execution {"code": "\nd = await fetch(\"https://www.plan-b.ro/exhibition/achraf-touloub-2026/\")\ntxt = get_text(d)\nprint(txt[:2000])\n"}
  [berlin #0] server:web_fetch {"url": "https://www.plan-b.ro/exhibition/achraf-touloub-2026/"}
  [berlin #0] server:code_execution {"code": "\nidx = txt.find(\"Pleiades\")\nprint(idx)\nprint(txt[max(0,idx-500):idx+1500])\n"}
  [berlin #0] Confirmed: 10.09.26–14.11.26, matches saved dates exactly. Now Anton Janizewski.
  [berlin #0] server:code_execution {"code": "\nd = await fetch(\"https://antonjanizewski.com/exhibitions/\")\ntxt = get_text(d)\nidx = txt.find(\"Schubert\")\nprint(idx)\nprin
  [berlin #0] server:web_fetch {"url": "https://antonjanizewski.com/exhibitions/"}
  [berlin #0] Confirmed: 11.09.–31.10.26, matches. Now Deschler.
  [berlin #0] server:code_execution {"code": "\nd = await fetch(\"https://deschler-berlin.de/exhibitions/\")\ntxt = get_text(d)\nidx = txt.find(\"Handmade\")\nprint(idx)\nprint
  [berlin #0] server:web_fetch {"url": "https://deschler-berlin.de/exhibitions/"}
  [berlin #0] server:code_execution {"code": "\nr = await web_search({\"query\": \"deschler-berlin.de Handmade by Part II exhibition\"})\nr = json.loads(r)\nfor item in r[:5]:\
  [berlin #0] server:web_search {"query": "deschler-berlin.de Handmade by Part II exhibition"}
  [berlin #0] server:code_execution {"code": "\nd = await fetch(\"https://deschler-berlin.de/exhibitions/\")\ntxt = get_text(d)\nidx = txt.find(\"Handmade\")\nprint(idx)\nprint
  [berlin #0] server:web_fetch {"url": "https://deschler-berlin.de/exhibitions/"}
  [berlin #0] server:code_execution {"code": "\nprint(txt[4400:5500])\n"}
  [berlin #0] server:code_execution {"code": "\nprint(txt[5500:5800])\n"}
  [berlin #0] Confirmed: 10 Sept 2026 – 24 Oct 2026, matches saved dates, listed as "Upcoming". Now EIGEN+ART, Nagel Draxler, Galerie Neu.
  [berlin #0] server:code_execution {"code": "\nr = await web_search({\"query\": \"eigen-art.com Stef Heidhues hook line and sinker\"})\nr = json.loads(r)\nfor item in r[:5]:\n
  [berlin #0] server:web_search {"query": "eigen-art.com Stef Heidhues hook line and sinker"}
  [berlin #0] server:code_execution {"code": "\nd = await fetch(\"https://eigen-art.com/en/start/\")\ntxt = get_text(d)\nidx = txt.find(\"Heidhues\")\nprint(idx)\nprint(txt[max
  [berlin #0] server:web_fetch {"url": "https://eigen-art.com/en/start/"}
  [berlin #0] Confirmed: 10 September – 31 October 2026, matches. Now Nagel Draxler.
  [berlin #0] server:code_execution {"code": "\nr = await web_search({\"query\": \"nagel-draxler.de Abdulnasser Gharem The Image Is a Public Menace\"})\nr = json.loads(r)\nfor 
  [berlin #0] server:web_search {"query": "nagel-draxler.de Abdulnasser Gharem The Image Is a Public Menace"}
  [berlin #0] server:code_execution {"code": "\nr = await web_search({\"query\": \"\\\"The Image Is a Public Menace\\\" Nagel Draxler Gharem 2026\"})\nr = json.loads(r)\nfor it
  [berlin #0] server:web_search {"query": "\"The Image Is a Public Menace\" Nagel Draxler Gharem 2026"}
  [berlin #0] server:code_execution {"code": "\nd = await fetch(\"https://nagel-draxler.de/exhibition/smart-obedience-kluger-gehorsam/\")\ntxt = get_text(d)\nprint(txt[:1500])\
  [berlin #0] server:web_fetch {"url": "https://nagel-draxler.de/exhibition/smart-obedience-kluger-gehorsam/"}
  [berlin #0] server:code_execution {"code": "\nidx = txt.find(\"Public Menace\")\nprint(idx)\nidx2 = txt.find(\"Gharem\")\nprint(idx2)\nprint(txt[max(0,idx2-200):idx2+2000])\n
  [berlin #0] This is the wrong (2020) exhibition. Let me check the direct URL and the Berlin city page.
  [berlin #0] server:code_execution {"code": "\nd = await fetch(\"https://nagel-draxler.de/city/berlin/\")\ntxt = get_text(d)\nidx = txt.find(\"Gharem\")\nprint(idx)\nprint(txt
  [berlin #0] server:web_fetch {"url": "https://nagel-draxler.de/city/berlin/"}
  [berlin #0] Confirmed: 11/09/2026 – 14/11/2026, matches saved dates exactly. Now Galerie Neu.
  [berlin #0] server:code_execution {"code": "\nr = await web_search({\"query\": \"galerieneu.net Jeremy Shaw Half-Life of Grace\"})\nr = json.loads(r)\nfor item in r[:5]:\n   
  [berlin #0] server:web_search {"query": "galerieneu.net Jeremy Shaw Half-Life of Grace"}
  [berlin #0] server:code_execution {"code": "\nd = await fetch(\"https://galerieneu.net/exhibitions\")\ntxt = get_text(d)\nidx = txt.find(\"Shaw\")\nprint(idx)\nprint(txt[max(
  [berlin #0] server:web_fetch {"url": "https://galerieneu.net/exhibitions"}
  [berlin #0] Confirmed: 11.09.2026 – 07.11.2026, matches saved dates. Now Galerie Nord / Kunstverein Tiergarten (Counterplay).
  [berlin #0] server:code_execution {"code": "\nr = await web_search({\"query\": \"galerienord.berlin Alicja Rogalska Counterplay\"})\nr = json.loads(r)\nfor item in r[:5]:\n  
  [berlin #0] server:web_search {"query": "galerienord.berlin Alicja Rogalska Counterplay"}
  [berlin #0] server:code_execution {"code": "\nd = await fetch(\"https://www.museumsportal-berlin.de/en/exhibitions/alicja-rogalska/\")\ntxt = get_text(d)\nidx = txt.find(\"Co
  [berlin #0] server:web_fetch {"url": "https://www.museumsportal-berlin.de/en/exhibitions/alicja-rogalska/"}
  [berlin #0] server:code_execution {"code": "\nr = await web_search({\"query\": \"site:galerienord.berlin counterplay\"})\nr = json.loads(r)\nfor item in r[:5]:\n    if isinst
  [berlin #0] server:web_search {"query": "site:galerienord.berlin counterplay"}
  [berlin #0] server:code_execution {"code": "\nd = await fetch(\"https://galerienord.berlin/\")\ntxt = get_text(d)\nidx = txt.find(\"Counterplay\")\nprint(idx)\nprint(txt[max(
  [berlin #0] server:web_fetch {"url": "https://galerienord.berlin/"}
  [berlin #0] Confirmed: 24.7.-20.9.2026, matches saved dates. Now let's check Galerie Poll.
  [berlin #0] server:code_execution {"code": "\nr = await web_search({\"query\": \"poll-berlin.de Eric Keller Hanglage\"})\nr = json.loads(r)\nfor item in r[:5]:\n    if isinst
  [berlin #0] server:web_search {"query": "poll-berlin.de Eric Keller Hanglage"}
  [berlin #0] server:code_execution {"code": "\nr2 = await web_search({\"query\": \"poll-berlin.de/galerie/ausstellungen/aktuell/eric-keller\"})\nr2 = json.loads(r2)\nfor item 
  [berlin #0] server:web_search {"query": "poll-berlin.de/galerie/ausstellungen/aktuell/eric-keller"}
  [berlin #0] server:code_execution {"code": "\nd = await fetch(\"https://poll-berlin.de/galerie/kuenstler-der-galerie/eric-keller/ausstellungen/\")\ntxt = get_text(d)\nidx = t
  [berlin #0] server:web_fetch {"url": "https://poll-berlin.de/galerie/kuenstler-der-galerie/eric-keller/ausstellungen/"}
  [berlin #0] server:code_execution {"code": "\nr3 = await web_search({\"query\": \"\\\"Hanglage\\\" Eric Keller Galerie Poll 2026\"})\nr3 = json.loads(r3)\nfor item in r3[:5]:
  [berlin #0] server:web_search {"query": "\"Hanglage\" Eric Keller Galerie Poll 2026"}
  [berlin #0] server:code_execution {"code": "\nd = await fetch(\"https://poll-berlin.de/galerie/ausstellungen/aktuell/\")\n"}
  [berlin #0] server:web_fetch {"url": "https://poll-berlin.de/galerie/ausstellungen/aktuell/"}
  [berlin #0] server:code_execution {"code": "\nd = await fetch(\"https://poll-berlin.de/galerie/ausstellungen/aktuell/\")\ntxt = get_text(d)\nprint(txt[:3000])\n"}
  [berlin #0] server:web_fetch {"url": "https://poll-berlin.de/galerie/ausstellungen/aktuell/"}
  [berlin #0] server:code_execution {"code": "\nr4 = await web_search({\"query\": \"poll-berlin.de galerie ausstellungen aktuell\"})\nr4 = json.loads(r4)\nfor item in r4[:8]:\n
  [berlin #0] server:web_search {"query": "poll-berlin.de galerie ausstellungen aktuell"}
  [berlin #0] server:code_execution {"code": "\nd = await fetch(\"https://poll-berlin.de/galerie/en/exhibitions/current/\")\ntxt = get_text(d)\nprint(txt[:3000])\n"}
  [berlin #0] server:web_fetch {"url": "https://poll-berlin.de/galerie/en/exhibitions/current/"}
  [berlin #0] server:code_execution {"code": "\nd = await fetch(\"https://poll-berlin.de/galerie/ausstellungen/aktuell/\")\ntxt = get_text(d)\nprint(txt[:3000])\n"}
  [berlin #0] server:web_fetch {"url": "https://poll-berlin.de/galerie/ausstellungen/aktuell/"}
  [berlin #0] Confirmed: "Hanglage" 4. September – 24. Oktober 2026, matches. Now Galerie Thomas Fischer "Shimmer".
  [berlin #0] server:code_execution {"code": "\nr = await web_search({\"query\": \"galeriethomasfischer.de Shimmer Barbaglia Fuhrer L\u00fcders\"})\nr = json.loads(r)\nfor item
  [berlin #0] server:web_search {"query": "galeriethomasfischer.de Shimmer Barbaglia Fuhrer L\u00fcders"}
  [berlin #0] server:code_execution {"code": "\nd = await fetch(\"https://galeriethomasfischer.de/\")\ntxt = get_text(d)\nidx = txt.find(\"Shimmer\")\nprint(idx)\nprint(txt[max
  [berlin #7] All 14 shows have been audited. Summary: **13 verified / 0 corrected / 0 unverified** (all shows were confirmed as real and current on the venues' own sites, with dates matching or held pending where 
[verify berlin/Schöneberg] done $1.93
  [berlin #9] Now Haverkampf Leistenschneider (2 shows), Societe, Wentrup, Zilberman.
  [berlin #9] server:web_search {"query": "haverkampfleistenschneider.com \"From the Sleep Side\" Aubrey Levinthal Biala Tal R"}
  [berlin #9] server:web_search {"query": "haverkampfleistenschneider.com \"Souvenirs de vacances\" Katherine Bradford"}
  [berlin #9] server:web_search {"query": "societeberlin.com Salim Green Sugarshack"}
  [berlin #9] server:web_search {"query": "societeberlin.com Sugarshack Salim Green September October 2026 dates"}
  [berlin #9] server:web_search {"query": "haverkampfleistenschneider.com Souvenirs de vacances Bradford Hauptmann Kirmse Rathgeb dates"}
  [berlin #9] server:web_search {"query": "\"haverkampfleistenschneider.com/exhibitions/souvenirs-de-vancances-98ef4149\""}
  [berlin #9] server:web_search {"query": "\"haverkampfleistenschneider.com/exhibitions/aubrey-levinthal-35785529\""}
  [berlin #9] server:web_fetch {"url": "https://haverkampfleistenschneider.com/exhibitions/"}
  [berlin #9] Both confirmed exactly: "From the Sleep Side" Sep 10 – Oct 10, 2026, and "Souvenirs de vancances" Gallery Cabinet Sep 10 – Oct 10, 2026 — matching saved dates.
  [berlin #9] tool:confirm_show {"city": "berlin", "slug": "haverkampf-from-the-sleep-side", "status": "verified", "reason": null, "corrections": null}
  [berlin #9] tool:confirm_show {"city": "berlin", "slug": "haverkampf-souvenirs-de-vacances", "status": "verified", "reason": null, "corrections": null}
  [berlin #3] Now let's check Galerie Thomas Schulte's three shows.
  [berlin #3] server:code_execution {"code": "\nr = await web_search({\"query\": \"Galerie Thomas Schulte Katharina Sieverding Life Death 2026\"})\nr2 = json.loads(r)\nfor x in
  [berlin #3] server:web_search {"query": "Galerie Thomas Schulte Katharina Sieverding Life Death 2026"}
  [berlin #3] server:code_execution {"code": "\nr = await fetch_text(\"https://www.galeriethomasschulte.com/exhibitions/206-lifedeath-katharina-sieverding/\")\nprint(r[:3000])\
  [berlin #3] server:web_fetch {"url": "https://www.galeriethomasschulte.com/exhibitions/206-lifedeath-katharina-sieverding/"}
  [berlin #3] server:code_execution {"code": "\nidx = r.find(\"2026\", 3000)\nprint(r[3000:5000])\n"}
  [berlin #3] server:code_execution {"code": "\nr = await web_search({\"query\": \"Galerie Thomas Schulte Kerstin Br\u00e4tsch Die Sein Para Psychics\"})\nr2 = json.loads(r)\nf
  [berlin #3] server:web_search {"query": "Galerie Thomas Schulte Kerstin Br\u00e4tsch Die Sein Para Psychics"}
  [berlin #3] server:web_search {"query": "Galerie Thomas Schulte David L. Johnson Nachtruhe"}
  [berlin #3] server:code_execution {"code": "\nr1 = await fetch_text(\"https://www.galeriethomasschulte.com/exhibitions/208-die-sein-para-psychics-expanded-excerpt-kerstin-bra
  [berlin #3] server:web_fetch {"url": "https://www.galeriethomasschulte.com/exhibitions/208-die-sein-para-psychics-expanded-excerpt-kerstin-bratsch/"}
  [berlin #3] server:code_execution {"code": "print(r1[:300])\nprint(len(r1))\n"}
  [berlin #3] server:code_execution {"code": "\nr = await web_search({\"query\": \"Die Sein Para Psychics Expanded Excerpt galeriethomasschulte\"})\nr2 = json.loads(r)\nfor x i
  [berlin #3] server:web_search {"query": "Die Sein Para Psychics Expanded Excerpt galeriethomasschulte"}
  [berlin #3] server:code_execution {"code": "\nfor u in [\"https://www.galeriethomasschulte.com/exhibitions/\",\n          \"https://www.galeriethomasschulte.com/exhibitions/2
  [berlin #3] server:web_fetch {"url": "https://www.galeriethomasschulte.com/exhibitions/"}
  [berlin #3] server:web_fetch {"url": "https://www.galeriethomasschulte.com/exhibitions/208-die-sein-para-psychics-expanded-excerpt-kerstin-bratsch/"}
  [berlin #3] server:web_fetch {"url": "https://www.galeriethomasschulte.com/exhibitions/207-nachtruhe-david-l.-johnson/"}
  [berlin #3] Same-domain pages work once one page from that domain has been fetched. Let's get the dates.
  [berlin #3] server:code_execution {"code": "\nr2_ = await fetch_text(\"https://www.galeriethomasschulte.com/exhibitions/208-die-sein-para-psychics-expanded-excerpt-kerstin-br
  [berlin #3] server:web_fetch {"url": "https://www.galeriethomasschulte.com/exhibitions/208-die-sein-para-psychics-expanded-excerpt-kerstin-bratsch/"}
  [berlin #3] Confirmed matches saved dates. Now Nachtruhe.
  [berlin #3] server:code_execution {"code": "\nr3_ = await fetch_text(\"https://www.galeriethomasschulte.com/exhibitions/207-nachtruhe-david-l.-johnson/\")\nidx = r3_.find(\"#
  [berlin #3] server:web_fetch {"url": "https://www.galeriethomasschulte.com/exhibitions/207-nachtruhe-david-l.-johnson/"}
  [berlin #3] All three match. Now confirm these three shows.
  [berlin #3] tool:confirm_show {"city": "berlin", "slug": "schulte-katharina-sieverding-life-death", "status": "verified", "reason": "Confirmed on galeriethomasschulte.com
  [berlin #3] tool:confirm_show {"city": "berlin", "slug": "schulte-kerstin-bratsch-die-sein", "status": "verified", "reason": "Confirmed on galeriethomasschulte.com: \"11 
  [berlin #3] tool:confirm_show {"city": "berlin", "slug": "schulte-david-l-johnson-nachtruhe", "status": "verified", "reason": "Confirmed on galeriethomasschulte.com: \"11
  [berlin #10] server:web_fetch {"url": "https://societeberlin.com/exhibitions/"}
  [berlin #10] server:web_fetch {"url": "https://societeberlin.com/exhibitions/sugarshack/"}
  [berlin #10] Confirmed: Sep 10–Oct 24, 2026 matches saved dates exactly.
  [berlin #10] tool:confirm_show {"city": "berlin", "slug": "societe-sugarshack", "status": "verified", "reason": null, "corrections": null}
  [berlin #1] server:web_fetch {"url": "https://galeriethomasfischer.de/"}
  [berlin #1] server:code_execution {"code": "\nr = await web_search({\"query\": \"site:galeriethomasfischer.de exhibitions\"})\nr = json.loads(r)\nfor item in r[:8]:\n    if i
  [berlin #1] server:web_search {"query": "site:galeriethomasfischer.de exhibitions"}
  [berlin #1] server:code_execution {"code": "\nd = await fetch(\"https://galeriethomasfischer.de/exhibitions/\")\ntxt = get_text(d)\nidx = txt.find(\"Shimmer\")\nprint(idx)\np
  [berlin #1] server:web_fetch {"url": "https://galeriethomasfischer.de/exhibitions/"}
  [berlin #1] Confirmed: 5.9.-24.10.2026, matches saved dates. Now Galerie Wedding.
  [berlin #1] server:code_execution {"code": "\nr = await web_search({\"query\": \"galeriewedding.de Mae Nan Guk Juk Frank Jimin Hopp\"})\nr = json.loads(r)\nfor item in r[:5]:
  [berlin #1] server:web_search {"query": "galeriewedding.de Mae Nan Guk Juk Frank Jimin Hopp"}
  [berlin #1] server:code_execution {"code": "\nd = await fetch(\"https://galeriewedding.de/mae-nan-guk-juk-diasporic-memories-formed-in-clay/\")\ntxt = get_text(d)\nidx = txt.
  [berlin #1] server:web_fetch {"url": "https://galeriewedding.de/mae-nan-guk-juk-diasporic-memories-formed-in-clay/"}
  [berlin #1] server:code_execution {"code": "\nr = await web_search({\"query\": \"kuckei-kuckei.de Michael Laube Take Five\"})\nr = json.loads(r)\nfor item in r[:5]:\n    if i
  [berlin #1] server:web_search {"query": "kuckei-kuckei.de Michael Laube Take Five"}
  [berlin #1] server:code_execution {"code": "\nd = await fetch(\"https://www.kuckei-kuckei.de/artists/michael-laube.php\")\ntxt = get_text(d)\nidx = txt.find(\"Take Five\")\np
  [berlin #1] server:web_fetch {"url": "https://www.kuckei-kuckei.de/artists/michael-laube.php"}
  [berlin #1] server:code_execution {"code": "\nr = await web_search({\"query\": \"site:kuckei-kuckei.de exhibitions michael-laube-take-five\"})\nr = json.loads(r)\nfor item in
  [berlin #1] server:web_search {"query": "site:kuckei-kuckei.de exhibitions michael-laube-take-five"}
  [berlin #1] server:code_execution {"code": "\nd = await fetch(\"https://www.kuckei-kuckei.de/exhibitions?year=2023#2023\")\ntxt = get_text(d)\nprint(txt[:1500])\n"}
  [berlin #1] server:web_fetch {"url": "https://www.kuckei-kuckei.de/exhibitions?year=2023#2023"}
  [berlin #1] server:code_execution {"code": "\nidx = txt.find(\"Take Five\")\nprint(idx)\nidx2 = txt.find(\"Laube\")\nprint(idx2)\nprint(txt[max(0,idx2-300):idx2+800])\n"}
  [berlin #1] This shows 2023, need the 2026 year param.
  [berlin #1] server:code_execution {"code": "\nd = await fetch(\"https://www.kuckei-kuckei.de/exhibitions?year=2026#2026\")\ntxt = get_text(d)\nidx = txt.find(\"Laube\")\nprin
  [berlin #1] server:web_fetch {"url": "https://www.kuckei-kuckei.de/exhibitions?year=2026#2026"}
  [berlin #1] tool:render_fetch {"url": "https://www.kuckei-kuckei.de/exhibitions/michael-laube-take-five"}
  [berlin #11] Now Wentrup and Zilberman.
  [berlin #11] server:web_search {"query": "wentrupgallery.com Gregor Hildebrandt \"Park by POCO\""}
  [berlin #11] server:web_search {"query": "zilbermangallery.com Azade K\u00f6ker Stolon exhibition Berlin"}
  [berlin #11] server:web_fetch {"url": "https://www.zilbermangallery.com/stolon-en-e418.html"}
  [berlin #11] tool:confirm_show {"city": "berlin", "slug": "wentrup-hildebrandt-park-by-poco", "status": "verified", "reason": null, "corrections": null}
  [berlin #4] Now Klemm's (two shows), König Galerie (three shows).
  [berlin #4] server:code_execution {"code": "\nr = await web_search({\"query\": \"Klemm's Berlin Julia Wachtel Return to Content\"})\nr2 = json.loads(r)\nfor x in r2[:5]:\n   
  [berlin #4] server:web_search {"query": "Klemm's Berlin Julia Wachtel Return to Content"}
  [berlin #4] server:web_search {"query": "Klemm's Berlin Mia Gap Freja Sofie Kirk tracks taps"}
  [berlin #4] server:code_execution {"code": "\nr = await web_search({\"query\": \"klemms-berlin.com exhibitions Return to Content Wachtel\"})\nr2 = json.loads(r)\nfor x in r2[
  [berlin #4] server:web_search {"query": "klemms-berlin.com exhibitions Return to Content Wachtel"}
  [berlin #4] Now klemms-berlin.com is unlocked.
  [berlin #4] server:code_execution {"code": "\nr = await fetch_text(\"https://www.klemms-berlin.com/exhibitions/\")\nidx = r.find(\"Wachtel\")\nprint(r[max(0,idx-300):idx+500]
  [berlin #4] server:web_fetch {"url": "https://www.klemms-berlin.com/exhibitions/"}
  [berlin #4] Both confirmed matching saved dates (Sep 10–Oct 24, 2026).
  [berlin #4] tool:confirm_show {"city": "berlin", "slug": "klemms-wachtel-return-to-content", "status": "verified", "reason": "Confirmed on klemms-berlin.com exhibitions l
  [berlin #4] tool:confirm_show {"city": "berlin", "slug": "klemms-tracks-taps", "status": "verified", "reason": "Confirmed on klemms-berlin.com exhibitions listing: \"Mia 
  [berlin #12] server:web_search {"query": "zilbermangallery.com stolon-en-e418 Azade K\u00f6ker September November 2026"}
  [berlin #12] tool:confirm_show {"city": "berlin", "slug": "zilberman-koker-stolon", "status": "verified", "reason": null, "corrections": null}
  [berlin #13] All 24 shows have been audited.

**Summary: 23 verified / 1 corrected / 0 unverified**
[verify berlin/Charlottenburg] done $3.58
  [berlin #5] Now König Galerie (three shows).
  [berlin #5] server:code_execution {"code": "\nr = await web_search({\"query\": \"K\u00f6nig Galerie Christian Achenbach Echotropia\"})\nr2 = json.loads(r)\nfor x in r2[:6]:\n
  [berlin #5] server:web_search {"query": "K\u00f6nig Galerie Christian Achenbach Echotropia"}
  [berlin #5] server:code_execution {"code": "\nr = await fetch_text(\"https://www.koeniggalerie.com/blogs/exhibitions/christian-achenbach-echotropia\")\nidx = r.find(\"2026\")
  [berlin #5] server:web_fetch {"url": "https://www.koeniggalerie.com/blogs/exhibitions/christian-achenbach-echotropia"}
  [berlin #5] server:code_execution {"code": "\nr = await web_search({\"query\": \"K\u00f6nig Galerie Monira Al Qadiri Archaeology of Beasts\"})\nr2 = json.loads(r)\nfor x in r
  [berlin #5] server:web_search {"query": "K\u00f6nig Galerie Monira Al Qadiri Archaeology of Beasts"}
  [berlin #5] server:web_search {"query": "K\u00f6nig Galerie Rebecca Brodskis Last Ones Awake"}
  [berlin #5] server:code_execution {"code": "\nr = await fetch_text(\"https://www.koeniggalerie.com/blogs/exhibitions/monira-al-qadiri-the-archaeology-of-beasts\")\nidx = r.fi
  [berlin #5] server:web_fetch {"url": "https://www.koeniggalerie.com/blogs/exhibitions/monira-al-qadiri-the-archaeology-of-beasts"}
  [berlin #5] Confirmed matches: 9 Sept – 8 Nov 2026, Alexandrinenstrasse 118-121 (Chapel of St. Agnes). Now Brodskis.
  [berlin #5] server:code_execution {"code": "\nr = await fetch_text(\"https://www.koeniggalerie.com/blogs/exhibitions/rebecca-brodskis-the-last-ones-awake\")\nidx = r.find(\"m
  [berlin #5] server:web_fetch {"url": "https://www.koeniggalerie.com/blogs/exhibitions/rebecca-brodskis-the-last-ones-awake"}
  [berlin #5] All three König shows confirmed matching dates.
  [berlin #5] tool:confirm_show {"city": "berlin", "slug": "konig-achenbach-echotropia", "status": "verified", "reason": "Confirmed on koeniggalerie.com: \"9 SEPTEMBER \u20
  [berlin #5] tool:confirm_show {"city": "berlin", "slug": "konig-al-qadiri-archaeology-beasts", "status": "verified", "reason": "Confirmed on koeniggalerie.com: \"9 SEPTEM
  [berlin #5] tool:confirm_show {"city": "berlin", "slug": "konig-brodskis-last-ones-awake", "status": "verified", "reason": "Confirmed on koeniggalerie.com: \"9 SEPTEMBER 
  [berlin #6] Now Konrad Fischer Galerie (two shows).
  [berlin #6] server:code_execution {"code": "\nr = await web_search({\"query\": \"Konrad Fischer Galerie Berlin Alan Charlton Circle Paintings\"})\nr2 = json.loads(r)\nfor x i
  [berlin #6] server:web_search {"query": "Konrad Fischer Galerie Berlin Alan Charlton Circle Paintings"}
  [berlin #6] server:web_search {"query": "Konrad Fischer Galerie Martin Margiela in Berlin"}
  [berlin #6] server:code_execution {"code": "\nr = await fetch_text(\"https://konradfischergalerie.de/\")\nidx = r.find(\"Charlton\")\nprint(r[max(0,idx-300):idx+500])\nprint(
  [berlin #6] server:web_fetch {"url": "https://konradfischergalerie.de/"}
  [berlin #6] Both confirmed matching saved dates (Sep 10 – Dec 19, 2026).
  [berlin #6] tool:confirm_show {"city": "berlin", "slug": "konradfischer-alan-charlton-circle", "status": "verified", "reason": "Confirmed on konradfischergalerie.de: \"Al
  [berlin #6] tool:confirm_show {"city": "berlin", "slug": "konradfischer-margiela-in-berlin", "status": "verified", "reason": "Confirmed on konradfischergalerie.de: \"Mart
  [berlin #7] Now Kunstraum Kreuzberg/Bethanien (two shows).
  [berlin #7] server:code_execution {"code": "\nr = await web_search({\"query\": \"Kunstraum Kreuzberg Bethanien After Memory Echoes in the Future Perfect Tense\"})\nr2 = json.
  [berlin #7] server:web_search {"query": "Kunstraum Kreuzberg Bethanien After Memory Echoes in the Future Perfect Tense"}
  [berlin #7] server:web_search {"query": "Kunstraum Kreuzberg Bethanien Tanja Ostoji\u0107 Encounters Bodies Borders Resistance"}
  [berlin #7] server:code_execution {"code": "\nr = await web_search({\"query\": \"kunstraumkreuzberg.de After Memory programm\"})\nr2 = json.loads(r)\nfor x in r2[:8]:\n    pr
  [berlin #7] server:web_search {"query": "kunstraumkreuzberg.de After Memory programm"}
  [berlin #7] server:code_execution {"code": "\nr = await fetch_text(\"https://kunstraumkreuzberg.de/programm/after-memory/\")\nidx = r.find(\"2026\")\nprint(r[max(0,idx-500):i
  [berlin #7] server:web_fetch {"url": "https://kunstraumkreuzberg.de/programm/after-memory/"}
  [berlin #7] server:code_execution {"code": "\nidx = r.find(\"AFTER MEMORY\", 1000)\nprint(idx)\nprint(r[idx:idx+1500])\n"}
  [berlin #7] server:code_execution {"code": "\nr = await web_search({\"query\": \"kunstraumkreuzberg.de Tanja Ostojic Encounters programm\"})\nr2 = json.loads(r)\nfor x in r2[
  [berlin #7] server:web_search {"query": "kunstraumkreuzberg.de Tanja Ostojic Encounters programm"}
  [berlin #7] Let's try the direct URL now that kunstraumkreuzberg.de domain is unlocked.
  [berlin #7] server:code_execution {"code": "\nr = await fetch_text(\"https://kunstraumkreuzberg.de/programm/tanja-ostojic-encounters-on-bodies-borders-resistance/\")\nprint(r
  [berlin #7] server:web_fetch {"url": "https://kunstraumkreuzberg.de/programm/tanja-ostojic-encounters-on-bodies-borders-resistance/"}
  [berlin #7] Domain unlocked works.
  [berlin #7] server:code_execution {"code": "\nidx = r.find(\"Laufzeit\")\nprint(r[idx-500:idx+500])\n"}
  [berlin #7] server:code_execution {"code": "\nfor kw in [\"2026\",\"2027\",\"ENCOUNTERS\",\"Encounters\"]:\n    print(kw, r.find(kw))\n"}
  [berlin #7] server:code_execution {"code": "\nprint(r[300:1800])\n"}
  [berlin #7] tool:confirm_show {"city": "berlin", "slug": "kunstraum-after-memory", "status": "verified", "reason": "Confirmed on kunstraumkreuzberg.de: \"Laufzeit der Aus
  [berlin #7] tool:confirm_show {"city": "berlin", "slug": "kunstraum-tanja-ostojic-encounters", "status": "verified", "reason": "Confirmed on kunstraumkreuzberg.de: \"24.1
  [berlin #8] Now Persons Projects, Soy Capitán, Trautwein Herleth.
  [berlin #8] server:code_execution {"code": "\nr = await web_search({\"query\": \"Persons Projects Berlin Pawe\u0142 Ksi\u0105\u017cek Rhizome\"})\nr2 = json.loads(r)\nfor x i
  [berlin #8] server:web_search {"query": "Persons Projects Berlin Pawe\u0142 Ksi\u0105\u017cek Rhizome"}
  [berlin #8] server:web_search {"query": "Soy Capitan Berlin Grace Weaver Parataxis"}
  [berlin #8] server:web_search {"query": "Trautwein Herleth Berlin Kate Mosher Hall Hollywood Forever"}
  [berlin #8] server:code_execution {"code": "\nr = await web_search({\"query\": \"personsprojects.com Rhizome Ksiazek exhibitions\"})\nr2 = json.loads(r)\nfor x in r2[:8]:\n  
  [berlin #8] server:web_search {"query": "personsprojects.com Rhizome Ksiazek exhibitions"}
  [berlin #8] Domain unlocked now.
  [berlin #8] server:code_execution {"code": "\nr = await fetch_text(\"https://www.personsprojects.com/exhibitions/upcoming\")\nidx = r.find(\"Rhizome\")\nprint(r[max(0,idx-300
  [berlin #8] server:web_fetch {"url": "https://www.personsprojects.com/exhibitions/upcoming"}
  [berlin #8] server:code_execution {"code": "\nr = await web_search({\"query\": \"soycapitan.de Grace Weaver Parataxis exhibition\"})\nr2 = json.loads(r)\nfor x in r2[:8]:\n  
  [berlin #8] server:web_search {"query": "soycapitan.de Grace Weaver Parataxis exhibition"}
  [berlin #8] Domain unlocked; let's fetch the exact exhibition page.
  [berlin #8] server:code_execution {"code": "\nr = await fetch_text(\"https://soycapitan.de/exhibitions/grace-weaver-2/\")\nidx = r.find(\"Parataxis\")\nprint(r[max(0,idx-300)
  [berlin #8] server:web_fetch {"url": "https://soycapitan.de/exhibitions/grace-weaver-2/"}
  [berlin #8] server:code_execution {"code": "\nr = await fetch_text(\"https://soycapitan.de/artists/grace-weaver/\")\nprint(r[:200])\n"}
  [berlin #8] server:web_fetch {"url": "https://soycapitan.de/artists/grace-weaver/"}
  [berlin #8] server:code_execution {"code": "\nr2_ = await fetch_text(\"https://soycapitan.de/exhibitions/grace-weaver-2/\")\nidx = r2_.find(\"Parataxis\")\nprint(r2_[max(0,id
  [berlin #8] server:web_fetch {"url": "https://soycapitan.de/exhibitions/grace-weaver-2/"}
  [berlin #8] server:code_execution {"code": "\nr = await web_search({\"query\": \"trautweinherleth.de Kate Mosher Hall Hollywood Forever\"})\nr2 = json.loads(r)\nfor x in r2[:
  [berlin #8] server:web_search {"query": "trautweinherleth.de Kate Mosher Hall Hollywood Forever"}
  [berlin #8] server:code_execution {"code": "\nr = await web_search({\"query\": \"Trautwein Herleth gallery Berlin exhibitions Hollywood Forever\"})\nr2 = json.loads(r)\nfor x
  [berlin #8] server:web_search {"query": "Trautwein Herleth gallery Berlin exhibitions Hollywood Forever"}
  [berlin #8] Domain unlocked now.
  [berlin #8] server:code_execution {"code": "\nr = await fetch_text(\"https://trautweinherleth.de/\")\nidx = r.find(\"Mosher\")\nprint(r[max(0,idx-300):idx+700])\n"}
  [berlin #8] server:web_fetch {"url": "https://trautweinherleth.de/"}
  [berlin #8] Confirmed: September 10 – October 24, 2026, matching saved dates.
  [berlin #8] tool:confirm_show {"city": "berlin", "slug": "persons-rhizome", "status": "verified", "reason": "Confirmed on personsprojects.com: \"Rhizome... Exhibition: 11
  [berlin #8] tool:confirm_show {"city": "berlin", "slug": "soycapitan-grace-weaver-parataxis", "status": "verified", "reason": "Confirmed on soycapitan.de: \"Grace Weaver 
  [berlin #8] tool:confirm_show {"city": "berlin", "slug": "trautwein-kate-mosher-hall", "status": "verified", "reason": "Confirmed on trautweinherleth.de: \"Hollywood Fore
  [berlin #9] All 23 saved Berlin shows have been audited.

**Summary: 23 verified / 0 corrected / 0 unverified**
[verify berlin/Kreuzberg] done $1.36
  [berlin #2] server:code_execution {"code": "\nd = await fetch(\"https://www.kuckei-kuckei.de/exhibitions/michael-laube-take-five\")\ntxt = get_text(d)\nprint(txt[:2500])\n"}
  [berlin #2] server:web_fetch {"url": "https://www.kuckei-kuckei.de/exhibitions/michael-laube-take-five"}
  [berlin #2] server:code_execution {"code": "\nr = await web_search({\"query\": \"kuckei-kuckei.de \\\"Take Five\\\" Laube 2026\"})\nr = json.loads(r)\nfor item in r[:8]:\n   
  [berlin #2] server:web_search {"query": "kuckei-kuckei.de \"Take Five\" Laube 2026"}
  [berlin #2] Confirmed via artatberlin.com (independent secondary source) that the show opens 10.9.2026, matching the saved start date. Let's try to fetch the artatberlin page for the end date and confirm venue si
  [berlin #2] server:code_execution {"code": "\nd = await fetch(\"https://www.artatberlin.com/ausstellung-michael-laube-zeitgenoessische-kunst-in-berlin-contemporary-art-ausste
  [berlin #2] server:web_fetch {"url": "https://www.artatberlin.com/ausstellung-michael-laube-zeitgenoessische-kunst-in-berlin-contemporary-art-ausstellungen-berlin-galeri
  [berlin #2] server:code_execution {"code": "\nidx2 = txt.find(\"bis zum\")\nprint(idx2)\nidx3 = txt.find(\"24.10\")\nprint(idx3)\nprint(txt[3000:5000])\n"}
  [berlin #2] server:code_execution {"code": "\nprint(txt[11200:11900])\n"}
  [berlin #2] server:code_execution {"code": "\nfor u in [\"https://www.kuckei-kuckei.de/exhibitions/michael-laube-take-five\",\n          \"https://kuckei-kuckei.de/exhibition
  [berlin #2] server:web_fetch {"url": "https://www.kuckei-kuckei.de/exhibitions/michael-laube-take-five"}
  [berlin #2] server:web_fetch {"url": "https://kuckei-kuckei.de/exhibitions/michael-laube-take-five"}
  [berlin #2] server:code_execution {"code": "\nd = await fetch(\"https://www.kuckei-kuckei.de/artists/michael-laube.php\")\ntxt = get_text(d)\nprint(txt[1500:4000])\n"}
  [berlin #2] server:web_fetch {"url": "https://www.kuckei-kuckei.de/artists/michael-laube.php"}
  [berlin #2] server:code_execution {"code": "\nprint(len(txt))\nprint(txt)\n"}
  [berlin #2] server:code_execution {"code": "\nr = await web_search({\"query\": \"kuckei-kuckei.de/artists/michael-laube.php\"})\nr = json.loads(r)\nfor item in r[:5]:\n    if
  [berlin #2] server:web_search {"query": "kuckei-kuckei.de/artists/michael-laube.php"}
  [berlin #2] server:code_execution {"code": "\nd = await fetch(\"https://www.kuckei-kuckei.de/artists/michael-laube.php\")\ntxt = get_text(d)\nidx = txt.find(\"Take Five\")\np
  [berlin #2] server:web_fetch {"url": "https://www.kuckei-kuckei.de/artists/michael-laube.php"}
  [berlin #2] This is fine — we have solid confirmation from the artatberlin.com press page as a second source, plus the saved venue source URL matched dates exactly. Good enough. Now Kunstverein am Rosa-Luxemburg-
  [berlin #2] server:code_execution {"code": "\nr = await web_search({\"query\": \"rosa-luxemburg-platz.net Leon Kahane Kritik und Selbstkritik\"})\nr = json.loads(r)\nfor item
  [berlin #2] server:web_search {"query": "rosa-luxemburg-platz.net Leon Kahane Kritik und Selbstkritik"}
  [berlin #2] server:code_execution {"code": "\nd = await fetch(\"https://www.rosa-luxemburg-platz.net/leon-kahane-kritik-und-selbstkritik-in-der-freien-zeit-criticism-and-self
  [berlin #2] server:web_fetch {"url": "https://www.rosa-luxemburg-platz.net/leon-kahane-kritik-und-selbstkritik-in-der-freien-zeit-criticism-and-self-criticism-in-free-ti
  [berlin #2] Confirmed: 10 September – 31 October 2026, matches saved dates. Now KW Institute — three shows.
  [berlin #2] server:code_execution {"code": "\nr = await web_search({\"query\": \"kw-berlin.de Susan Hiller Bad Dreams exhibition\"})\nr = json.loads(r)\nfor item in r[:5]:\n 
  [berlin #2] server:web_search {"query": "kw-berlin.de Susan Hiller Bad Dreams exhibition"}
  [berlin #2] server:code_execution {"code": "\nd = await fetch(\"https://www.kw-berlin.de/en/exhibitions/susan-hiller-bad-dreams\")\ntxt = get_text(d)\nidx = txt.find(\"2026\"
  [berlin #2] server:web_fetch {"url": "https://www.kw-berlin.de/en/exhibitions/susan-hiller-bad-dreams"}
  [berlin #2] server:code_execution {"code": "\nidx = txt.find(\"October\")\nprint(idx)\nprint(txt[2500:4500])\n"}
  [berlin #2] Confirmed: 17.10.26–10.01.27, matches saved dates (2026-10-17..2027-01-10). Now KOO JEONG A and Rafik Greiss.
  [berlin #2] server:code_execution {"code": "\nr = await web_search({\"query\": \"kw-berlin.de KOO JEONG A OUSSSEAN exhibition\"})\nr = json.loads(r)\nfor item in r[:5]:\n    
  [berlin #2] server:web_search {"query": "kw-berlin.de KOO JEONG A OUSSSEAN exhibition"}
  [berlin #2] server:code_execution {"code": "\nd = await fetch(\"https://www.kw-berlin.de/en/exhibitions/koo-jeong-a-ousssean\")\ntxt = get_text(d)\nidx = txt.find(\"OUSSSEAN\
  [berlin #2] server:web_fetch {"url": "https://www.kw-berlin.de/en/exhibitions/koo-jeong-a-ousssean"}
  [berlin #2] Confirmed: 17.10.26–10.01.27, matches. Now Rafik Greiss.
  [berlin #2] server:code_execution {"code": "\nr = await web_search({\"query\": \"kw-berlin.de Rafik Greiss The City and the City exhibition\"})\nr = json.loads(r)\nfor item i
  [berlin #2] server:web_search {"query": "kw-berlin.de Rafik Greiss The City and the City exhibition"}
  [berlin #2] server:code_execution {"code": "\nd = await fetch(\"https://www.kw-berlin.de/en/exhibitions/rafik-greiss\")\ntxt = get_text(d)\nidx = txt.find(\"Greiss\")\nprint(
  [berlin #2] server:web_fetch {"url": "https://www.kw-berlin.de/en/exhibitions/rafik-greiss"}
  [berlin #2] server:code_execution {"code": "\nprint(len(txt))\nprint(txt[:1000])\n"}
  [berlin #2] server:code_execution {"code": "\nprint(txt)\n"}
  [berlin #2] server:code_execution {"code": "\nd2 = await fetch(\"https://www.kw-berlin.de/en/exhibitions/rafik-greiss-the-city-and-the-city\")\nprint(d2 if isinstance(d2, dic
  [berlin #2] server:web_fetch {"url": "https://www.kw-berlin.de/en/exhibitions/rafik-greiss-the-city-and-the-city"}
  [berlin #2] server:code_execution {"code": "\nr = await web_search({\"query\": \"site:kw-berlin.de rafik-greiss-the-city-and-the-city\"})\nr = json.loads(r)\nfor item in r[:5
  [berlin #2] server:web_search {"query": "site:kw-berlin.de rafik-greiss-the-city-and-the-city"}
  [berlin #2] server:code_execution {"code": "\nd = await fetch(\"https://www.kw-berlin.de/en/exhibitions\")\ntxt = get_text(d)\nidx = txt.find(\"Greiss\")\nprint(idx)\nprint(t
  [berlin #2] server:web_fetch {"url": "https://www.kw-berlin.de/en/exhibitions"}
  [berlin #2] Confirmed: 17.10.26–10.01.27 Rafik Greiss "The City and the City", matches saved dates. The full slug and title match the saved source URL. Now let's do Boros Collection (date fill needed).
  [berlin #2] server:code_execution {"code": "\nr = await web_search({\"query\": \"boros-collection.com 2022-2026 current exhibition\"})\nr = json.loads(r)\nfor item in r[:5]:\
  [berlin #2] server:web_search {"query": "boros-collection.com 2022-2026 current exhibition"}
  [berlin #2] server:code_execution {"code": "\nd = await fetch(\"https://www.e-flux.com/announcements/6787343/fifth-presentation\")\ntxt = get_text(d)\nprint(txt[:3000])\n"}
  [berlin #2] server:web_fetch {"url": "https://www.e-flux.com/announcements/6787343/fifth-presentation"}
  [berlin] registry candidate:e-flux from https://www.e-flux.com/announcements/6787343/fifth-presentation
  [berlin #2] server:code_execution {"code": "\nidx = txt.find(\"Boros\")\nprint(idx)\nprint(txt[idx-200:idx+2000])\n"}
  [berlin #2] server:code_execution {"code": "\nr = await web_search({\"query\": \"boros-collection.com fifth presentation 2026\"})\nr = json.loads(r)\nfor item in r[:5]:\n    
  [berlin #2] server:web_search {"query": "boros-collection.com fifth presentation 2026"}
  [berlin #2] server:code_execution {"code": "\nd = await fetch(\"https://boros-collection.com/en/\")\nprint(d if isinstance(d,dict) and d.get(\"type\")==\"web_fetch_tool_resul
  [berlin #2] server:web_fetch {"url": "https://boros-collection.com/en/"}
  [berlin #2] server:code_execution {"code": "\ntxt = get_text(d)\nprint(txt[:3000])\n"}
  [berlin #2] server:code_execution {"code": "\nidx = txt.find(\"2022\")\nprint(idx)\nfor kw in [\"Fifth\", \"fifth\", \"Collection #4\", \"2022\u20132026\", \"current exhibiti
  [berlin #2] server:code_execution {"code": "\nprint(txt[7300:8300])\n"}
  [berlin #2] server:code_execution {"code": "\nidx = txt.find(\"Book ticket\")\nprint(txt[3500:4300])\n"}
  [berlin #2] server:code_execution {"code": "\nr = await web_search({\"query\": \"boros-collection.com 2026-2030 OR 2026- fifth presentation current\"})\nr = json.loads(r)\nfo
  [berlin #2] server:web_search {"query": "boros-collection.com 2026-2030 OR 2026- fifth presentation current"}
  [berlin #2] server:code_execution {"code": "\nd = await fetch(\"https://en.wikipedia.org/wiki/Boros_Collection\")\ntxt = get_text(d)\nidx = txt.find(\"2026\")\nprint(txt[max(
  [berlin #2] server:web_fetch {"url": "https://en.wikipedia.org/wiki/Boros_Collection"}
  [berlin #2] server:code_execution {"code": "\nprint(txt2:=get_text(await fetch(\"https://boros-collection.com/en/plan-a-visit\"))[:100] if False else \"\")\nd = await fetch(\
  [berlin #2] server:web_fetch {"url": "https://boros-collection.com/en/plan-a-visit"}
  [berlin #2] server:code_execution {"code": "\ntxt3 = get_text(d)\nidx = txt3.find(\"2026\")\nprint(txt3[:3000])\n"}
  [berlin #2] server:code_execution {"code": "\nr = await web_search({\"query\": \"boros-collection.com/en/2021-2026\"})\nr = json.loads(r)\nfor item in r[:5]:\n    if isinstan
  [berlin #2] server:web_search {"query": "boros-collection.com/en/2021-2026"}
  [berlin #2] server:code_execution {"code": "\nd = await fetch(\"https://boros-collection.com/en/2021-2026\")\nprint(d if isinstance(d,dict) and d.get(\"type\")==\"web_fetch_t
  [berlin #2] server:web_fetch {"url": "https://boros-collection.com/en/2021-2026"}
  [berlin #2] server:code_execution {"code": "\ntxt4 = get_text(d)\nidx = txt4.find(\"2026\")\nprint(txt4[1500:3500])\n"}
  [berlin #2] This confirms this page is titled "Collection #4" and it's now filed under the historical/archive list on the homepage (alongside #3, #2, #1), no longer the featured current presentation — replaced by
  [berlin #2] server:code_execution {"code": "\nprint(txt4[3500:5500])\n"}
  [berlin #2] server:code_execution {"code": "\nprint(len(txt4))\nprint(txt4[2200:])\n"}
  [berlin #2] This confirms Collection #4 has been superseded. I'll mark this show unverified. Now let's check Schinkel Pavillon.
  [berlin #2] server:code_execution {"code": "\nr = await web_search({\"query\": \"Schinkel Pavillon Projektionen auf den Osten exhibition 2026\"})\nr = json.loads(r)\nfor item
  [berlin #2] server:web_search {"query": "Schinkel Pavillon Projektionen auf den Osten exhibition 2026"}
  [berlin #2] server:code_execution {"code": "\nr = await web_search({\"query\": \"nbk.org Projektionen auf den Osten Ausstellung\"})\nr = json.loads(r)\nfor item in r[:5]:\n  
  [berlin #2] server:web_search {"query": "nbk.org Projektionen auf den Osten Ausstellung"}
  [berlin #2] server:code_execution {"code": "\nd = await fetch(\"https://www.nbk.org/de/ausstellungen/projektionen-osten\")\nprint(d if isinstance(d,dict) and d.get(\"type\")=
  [berlin #2] server:web_fetch {"url": "https://www.nbk.org/de/ausstellungen/projektionen-osten"}
  [berlin #2] server:code_execution {"code": "\nd = await fetch(\"https://www.nbk.org/de\")\ntxt = get_text(d)\nidx = txt.find(\"Projektionen\")\nprint(txt[max(0,idx-300):idx+1
  [berlin #2] server:web_fetch {"url": "https://www.nbk.org/de"}
  [berlin #2] server:code_execution {"code": "\nr = await web_search({\"query\": \"schinkelpavillon.de aktuelle ausstellung 2026\"})\nr = json.loads(r)\nfor item in r[:6]:\n   
  [berlin #2] server:web_search {"query": "schinkelpavillon.de aktuelle ausstellung 2026"}
  [berlin #2] server:code_execution {"code": "\nd = await fetch(\"https://berlinartweek.de/en/venue/schinkel-pavillon\")\ntxt = get_text(d)\nprint(txt[:3000])\n"}
  [berlin #2] server:web_fetch {"url": "https://berlinartweek.de/en/venue/schinkel-pavillon"}
  [berlin #2] server:code_execution {"code": "\nd = await fetch(\"http://www.schinkelpavillon.de/de/\")\nprint(d if isinstance(d,dict) and d.get(\"type\")==\"web_fetch_tool_res
  [berlin #2] server:web_fetch {"url": "http://www.schinkelpavillon.de/de/"}
  [berlin #2] server:code_execution {"code": "\nr = await web_search({\"query\": \"schinkelpavillon.de exhibitions current 2026\"})\nr = json.loads(r)\nfor item in r[:8]:\n    
  [berlin #3] server:web_search {"query": "schinkelpavillon.de exhibitions current 2026"}
  [berlin #3] server:code_execution {"code": "\nd = await fetch(\"https://www.schinkelpavillon.de/contact/\")\ntxt = get_text(d)\nprint(txt[:2000])\n"}
  [berlin #3] server:web_fetch {"url": "https://www.schinkelpavillon.de/contact/"}
  [berlin #3] server:code_execution {"code": "\nr = await web_search({\"query\": \"site:schinkelpavillon.de exhibition\"})\nr = json.loads(r)\nfor item in r[:8]:\n    if isinst
  [berlin #3] server:web_search {"query": "site:schinkelpavillon.de exhibition"}
  [berlin #3] server:code_execution {"code": "\nr = await web_search({\"query\": \"site:schinkelpavillon.de Projektionen\"})\nr = json.loads(r)\nfor item in r[:8]:\n    if isin
  [berlin #3] server:web_search {"query": "site:schinkelpavillon.de Projektionen"}
  [berlin #3] No result matches "Projektionen auf den Osten" on Schinkel Pavillon's own site — strong confirmation this show doesn't belong to them; it's at n.b.k. This is a venue mismatch/error in the saved record
  [berlin #3] server:code_execution {"code": "\nd = await fetch(\"https://www.schinkelpavillon.de/exhibition/lesia-vasylchenko\")\ntxt = get_text(d)\nidx = txt.find(\"2026\")\n
  [berlin #3] server:web_fetch {"url": "https://www.schinkelpavillon.de/exhibition/lesia-vasylchenko"}
  [berlin #3] server:code_execution {"code": "\nr = await web_search({\"query\": \"officeimpart.com Salome Chatriot Void is Seductive\"})\nr = json.loads(r)\nfor item in r[:5]:
  [berlin #3] server:web_search {"query": "officeimpart.com Salome Chatriot Void is Seductive"}
  [berlin #3] server:code_execution {"code": "\nd = await fetch(\"https://officeimpart.com/\")\ntxt = get_text(d)\nidx = txt.find(\"Void\")\nprint(idx)\nprint(txt[:3000])\n"}
  [berlin #3] server:web_fetch {"url": "https://officeimpart.com/"}
  [berlin #3] Confirmed: 10.09. - 30.10.2026, matches saved dates exactly. Now Sexauer Gallery.
  [berlin #3] server:code_execution {"code": "\nr = await web_search({\"query\": \"sexauer.eu Kerim Seiler Der Titel kommt zuletzt\"})\nr = json.loads(r)\nfor item in r[:5]:\n 
  [berlin #3] server:web_search {"query": "sexauer.eu Kerim Seiler Der Titel kommt zuletzt"}
  [berlin #3] server:code_execution {"code": "\nd = await fetch(\"https://www.sexauer.eu/\")\ntxt = get_text(d)\nidx = txt.find(\"Seiler\")\nprint(idx)\nprint(txt[max(0,idx-500
  [berlin #3] server:web_fetch {"url": "https://www.sexauer.eu/"}
  [berlin #3] Confirmed: 29 August – 31 October, matches saved dates. All checks done. Now let's submit confirm_show for each.
  [berlin #3] tool:confirm_show {"city": "berlin", "slug": "levy-sinta-werner-modul-im-modell", "status": "verified", "reason": null, "corrections": null}
  [berlin #4] tool:confirm_show {"city": "berlin", "slug": "capitain-petzel-austin-martin-white", "status": "verified", "reason": null, "corrections": null}
  [berlin #5] tool:confirm_show {"city": "berlin", "slug": "plan-b-achraf-touloub-pleiades", "status": "verified", "reason": null, "corrections": null}
  [berlin #6] tool:confirm_show {"city": "berlin", "slug": "janizewski-marie-schubert-exuvie", "status": "verified", "reason": null, "corrections": null}
  [berlin #7] tool:confirm_show {"city": "berlin", "slug": "deschler-handmade-by-part-ii", "status": "verified", "reason": null, "corrections": null}
  [berlin #8] tool:confirm_show {"city": "berlin", "slug": "eigenart-stef-heidhues-hook-line-and-sinker", "status": "verified", "reason": null, "corrections": null}
  [berlin #9] tool:confirm_show {"city": "berlin", "slug": "nagel-draxler-gharem-the-image-is-a-public-menace", "status": "verified", "reason": null, "corrections": null}
  [berlin #10] tool:confirm_show {"city": "berlin", "slug": "galerie-neu-jeremy-shaw-half-life-of-grace", "status": "verified", "reason": null, "corrections": null}
  [berlin #11] tool:confirm_show {"city": "berlin", "slug": "counterplay", "status": "verified", "reason": null, "corrections": null}
  [berlin #12] tool:confirm_show {"city": "berlin", "slug": "eric-keller-hanglage", "status": "verified", "reason": null, "corrections": null}
  [berlin #13] tool:confirm_show {"city": "berlin", "slug": "thomasfischer-shimmer", "status": "verified", "reason": null, "corrections": null}
  [berlin #14] tool:confirm_show {"city": "berlin", "slug": "mae-nan-guk-juk", "status": "verified", "reason": null, "corrections": null}
  [berlin #15] tool:confirm_show {"city": "berlin", "slug": "michael-laube-take-five", "status": "verified", "reason": "Confirmed via independent press source (artatberlin.c
[verify berlin/Mitte] FAILED: Error code: 400 - {'type': 'error', 'error': {'type': 'invalid_request_error', 'message': 'Your credit balance is too low to access the Anthropic API. Please go to Plans & Billing to upgrade or purchase credits.'}, 'request_id': 'req_011Cej9kCU1Z4HUWCjb1z77U'}
{
  "city": "berlin",
  "zones": [
    "Mitte",
    "Kreuzberg",
    "Charlottenburg",
    "Schöneberg"
  ],
  "run_spend_usd": 26.3512,
  "shows_total": 86,
  "remaining_todo": {
    "Mitte": 0,
    "Kreuzberg": 0,
    "Charlottenburg": 0,
    "Schöneberg": 0
  },
  "queue": {
    "Mitte": {
      "zone": "Mitte",
      "order": 0,
      "due": 0,
      "sessions_run": 3,
      "zero_progress": 0,
      "exhausted": true,
      "active": false,
      "why": "todo_empty"
    },
    "Kreuzberg": {
      "zone": "Kreuzberg",
      "order": 1,
      "due": 0,
      "sessions_run": 2,
      "zero_progress": 0,
      "exhausted": true,
      "active": false,
      "why": "todo_empty"
    },
    "Charlottenburg": {
      "zone": "Charlottenburg",
      "order": 2,
      "due": 0,
      "sessions_run": 3,
      "zero_progress": 0,
      "exhausted": true,
      "active": false,
      "why": "todo_empty"
    },
    "Schöneberg": {
      "zone": "Schöneberg",
      "order": 3,
      "due": 0,
      "sessions_run": 3,
      "zero_progress": 0,
      "exhausted": true,
      "active": false,
      "why": "todo_empty"
    }
  },
  "sessions": [
    {
      "stage": "backfill",
      "venue_id": "alexander-levy"
    },
    {
      "stage": "backfill",
      "venue_id": "capitain-petzel"
    },
    {
      "stage": "backfill",
      "venue_id": "galeria-plan-b"
    },
    {
      "stage": "backfill",
      "venue_id": "galerie-anton-janizewski"
    },
    {
      "stage": "backfill",
      "venue_id": "galerie-deschler"
    },
    {
      "stage": "backfill",
      "venue_id": "galerie-eigen-art"
    },
    {
      "stage": "backfill",
      "venue_id": "galerie-nagel-draxler"
    },
    {
      "stage": "backfill",
      "venue_id": "galerie-neu"
    },
    {
      "stage": "backfill",
      "venue_id": "aurel-scheibler"
    },
    {
      "stage": "backfill",
      "venue_id": "barbara-wien"
    },
    {
      "stage": "backfill",
      "venue_id": "dorothee-nilsson"
    },
    {
      "stage": "backfill",
      "venue_id": "esther-schipper"
    },
    {
      "stage": "backfill",
      "venue_id": "galerie-friese"
    },
    {
      "stage": "backfill",
      "venue_id": "galerie-georg-nothelfer"
    },
    {
      "stage": "backfill",
      "venue_id": "galerie-guido-w-baudach"
    },
    {
      "stage": "backfill",
      "venue_id": "galerie-isabella-bortolozzi"
    },
    {
      "stage": "backfill",
      "venue_id": "c-o-berlin"
    },
    {
      "stage": "backfill",
      "venue_id": "camera-work"
    },
    {
      "stage": "backfill",
      "venue_id": "contemporary"
    },
    {
      "stage": "backfill",
      "venue_id": "galerie-berinson"
    },
    {
      "stage": "backfill",
      "venue_id": "galerie-buchholz"
    },
    {
      "stage": "backfill",
      "venue_id": "galerie-crone"
    },
    {
      "stage": "backfill",
      "venue_id": "galerie-kajetan"
    },
    {
      "stage": "backfill",
      "venue_id": "galerie-kornfeld"
    },
    {
      "stage": "scrape",
      "zone": "Mitte",
      "session": 1,
      "todo": 8,
      "saved": 8,
      "skipped": 8,
      "exit": 0,
      "label": "deep-berlin-mitte-1788556432",
      "venue_ids": [
        "alexander-levy",
        "capitain-petzel",
        "galeria-plan-b",
        "galerie-anton-janizewski",
        "galerie-deschler",
        "galerie-eigen-art",
        "galerie-nagel-draxler",
        "galerie-neu"
      ],
      "started_ts": 1788556432,
      "ended_ts": 1788556761
    },
    {
      "stage": "backfill",
      "venue_id": "between-bridges"
    },
    {
      "stage": "backfill",
      "venue_id": "buchmann-galerie"
    },
    {
      "stage": "backfill",
      "venue_id": "carlier-gebauer"
    },
    {
      "stage": "backfill",
      "venue_id": "daadgalerie"
    },
    {
      "stage": "backfill",
      "venue_id": "ebensperger"
    },
    {
      "stage": "backfill",
      "venue_id": "galerie-barbara-thumm"
    },
    {
      "stage": "backfill",
      "venue_id": "galerie-thomas-schulte"
    },
    {
      "stage": "backfill",
      "venue_id": "julia-stoschek-foundation-berlin"
    },
    {
      "stage": "scrape",
      "zone": "Schöneberg",
      "session": 1,
      "todo": 8,
      "saved": 7,
      "skipped": 8,
      "exit": 0,
      "label": "deep-berlin-sch-neberg-1788556454",
      "venue_ids": [
        "aurel-scheibler",
        "barbara-wien",
        "dorothee-nilsson",
        "esther-schipper",
        "galerie-friese",
        "galerie-georg-nothelfer",
        "galerie-guido-w-baudach",
        "galerie-isabella-bortolozzi"
      ],
      "started_ts": 1788556454,
      "ended_ts": 1788557017
    },
    {
      "stage": "backfill",
      "venue_id": "galerie-nord-kunstverein-tiergarten"
    },
    {
      "stage": "backfill",
      "venue_id": "galerie-poll"
    },
    {
      "stage": "backfill",
      "venue_id": "galerie-thomas-fischer"
    },
    {
      "stage": "backfill",
      "venue_id": "galerie-wedding-raum-fur-zeitgenossische-kunst"
    },
    {
      "stage": "backfill",
      "venue_id": "kuckei-kuckei"
    },
    {
      "stage": "backfill",
      "venue_id": "kunstverein-am-rosa-luxemburg-platz"
    },
    {
      "stage": "backfill",
      "venue_id": "kw-institute-for-contemporary-art"
    },
    {
      "stage": "backfill",
      "venue_id": "ngbk-neue-gesellschaft-fur-bildende-kunst"
    },
    {
      "stage": "scrape",
      "zone": "Kreuzberg",
      "session": 1,
      "todo": 8,
      "saved": 11,
      "skipped": 8,
      "exit": 0,
      "label": "deep-berlin-kreuzberg-1788556761",
      "venue_ids": [
        "between-bridges",
        "buchmann-galerie",
        "carlier-gebauer",
        "daadgalerie",
        "ebensperger",
        "galerie-barbara-thumm",
        "galerie-thomas-schulte",
        "julia-stoschek-foundation-berlin"
      ],
      "started_ts": 1788556761,
      "ended_ts": 1788557194
    },
    {
      "stage": "backfill",
      "venue_id": "galerie-tanja-wagner"
    },
    {
      "stage": "backfill",
      "venue_id": "hua-international"
    },
    {
      "stage": "backfill",
      "venue_id": "jarmuschek-partner"
    },
    {
      "stage": "backfill",
      "venue_id": "kow"
    },
    {
      "stage": "backfill",
      "venue_id": "meyer-riegger"
    },
    {
      "stage": "backfill",
      "venue_id": "noah-klink"
    },
    {
      "stage": "backfill",
      "venue_id": "psm"
    },
    {
      "stage": "backfill",
      "venue_id": "reiter"
    },
    {
      "stage": "scrape",
      "zone": "Charlottenburg",
      "session": 1,
      "todo": 8,
      "saved": 11,
      "skipped": 8,
      "exit": 0,
      "label": "deep-berlin-charlottenburg-1788556474",
      "venue_ids": [
        "c-o-berlin",
        "camera-work",
        "contemporary",
        "galerie-berinson",
        "galerie-buchholz",
        "galerie-crone",
        "galerie-kajetan",
        "galerie-kornfeld"
      ],
      "started_ts": 1788556474,
      "ended_ts": 1788557195
    },
    {
      "stage": "backfill",
      "venue_id": "galerie-max-hetzler"
    },
    {
      "stage": "backfill",
      "venue_id": "galerie-michael-haas"
    },
    {
      "stage": "backfill",
      "venue_id": "galerie-springer-berlin"
    },
    {
      "stage": "backfill",
      "venue_id": "galerie-volker-diehl"
    },
    {
      "stage": "backfill",
      "venue_id": "haus-am-waldsee"
    },
    {
      "stage": "backfill",
      "venue_id": "haverkampf-leistenschneider"
    },
    {
      "stage": "backfill",
      "venue_id": "robert-grunenberg"
    },
    {
      "stage": "backfill",
      "venue_id": "societe"
    },
    {
      "stage": "scrape",
      "zone": "Mitte",
      "session": 2,
      "todo": 8,
      "saved": 9,
      "skipped": 4,
      "exit": 0,
      "label": "deep-berlin-mitte-1788557017",
      "venue_ids": [
        "galerie-nord-kunstverein-tiergarten",
        "galerie-poll",
        "galerie-thomas-fischer",
        "galerie-wedding-raum-fur-zeitgenossische-kunst",
        "kuckei-kuckei",
        "kunstverein-am-rosa-luxemburg-platz",
        "kw-institute-for-contemporary-art",
        "ngbk-neue-gesellschaft-fur-bildende-kunst"
      ],
      "started_ts": 1788557017,
      "ended_ts": 1788557593
    },
    {
      "stage": "backfill",
      "venue_id": "klemm-s"
    },
    {
      "stage": "backfill",
      "venue_id": "konig-galerie-st-agnes"
    },
    {
      "stage": "backfill",
      "venue_id": "konrad-fischer-galerie"
    },
    {
      "stage": "backfill",
      "venue_id": "kunstlerhaus-bethanien"
    },
    {
      "stage": "backfill",
      "venue_id": "kunstraum-kreuzberg-bethanien"
    },
    {
      "stage": "backfill",
      "venue_id": "persons-projects"
    },
    {
      "stage": "backfill",
      "venue_id": "soy-capitan"
    },
    {
      "stage": "backfill",
      "venue_id": "trautwein-herleth"
    },
    {
      "stage": "scrape",
      "zone": "Schöneberg",
      "session": 2,
      "todo": 8,
      "saved": 4,
      "skipped": 6,
      "exit": 0,
      "label": "deep-berlin-sch-neberg-1788557194",
      "venue_ids": [
        "galerie-tanja-wagner",
        "hua-international",
        "jarmuschek-partner",
        "kow",
        "meyer-riegger",
        "noah-klink",
        "psm",
        "reiter"
      ],
      "started_ts": 1788557195,
      "ended_ts": 1788557766
    },
    {
      "stage": "backfill",
      "venue_id": "office-impart"
    },
    {
      "stage": "backfill",
      "venue_id": "sammlung-boros"
    },
    {
      "stage": "backfill",
      "venue_id": "schinkel-pavillon"
    },
    {
      "stage": "backfill",
      "venue_id": "sexauer"
    },
    {
      "stage": "scrape",
      "zone": "Charlottenburg",
      "session": 2,
      "todo": 8,
      "saved": 11,
      "skipped": 5,
      "exit": 0,
      "label": "deep-berlin-charlottenburg-1788557195",
      "venue_ids": [
        "galerie-max-hetzler",
        "galerie-michael-haas",
        "galerie-springer-berlin",
        "galerie-volker-diehl",
        "haus-am-waldsee",
        "haverkampf-leistenschneider",
        "robert-grunenberg",
        "societe"
      ],
      "started_ts": 1788557195,
      "ended_ts": 1788558102
    },
    {
      "stage": "backfill",
      "venue_id": "sandy-brown"
    },
    {
      "stage": "backfill",
      "venue_id": "schiefe-zahne"
    },
    {
      "stage": "backfill",
      "venue_id": "setareh"
    },
    {
      "stage": "backfill",
      "venue_id": "tanya-leighton"
    },
    {
      "stage": "scrape",
      "zone": "Mitte",
      "session": 3,
      "todo": 4,
      "saved": 4,
      "skipped": 2,
      "exit": 0,
      "label": "deep-berlin-mitte-1788557767",
      "venue_ids": [
        "office-impart",
        "sammlung-boros",
        "schinkel-pavillon",
        "sexauer"
      ],
      "started_ts": 1788557767,
      "ended_ts": 1788558150
    },
    {
      "stage": "backfill",
      "venue_id": "wentrup"
    },
    {
      "stage": "backfill",
      "venue_id": "zilberman"
    },
    {
      "stage": "scrape",
      "zone": "Charlottenburg",
      "session": 3,
      "todo": 2,
      "saved": 2,
      "skipped": 2,
      "exit": 0,
      "label": "deep-berlin-charlottenburg-1788558150",
      "venue_ids": [
        "wentrup",
        "zilberman"
      ],
      "started_ts": 1788558150,
      "ended_ts": 1788558293
    },
    {
      "stage": "scrape",
      "zone": "Schöneberg",
      "session": 3,
      "todo": 4,
      "saved": 3,
      "skipped": 3,
      "exit": 0,
      "label": "deep-berlin-sch-neberg-1788558102",
      "venue_ids": [
        "sandy-brown",
        "schiefe-zahne",
        "setareh",
        "tanya-leighton"
      ],
      "started_ts": 1788558102,
      "ended_ts": 1788558406
    },
    {
      "stage": "scrape",
      "zone": "Kreuzberg",
      "session": 2,
      "todo": 8,
      "saved": 12,
      "skipped": 6,
      "exit": 0,
      "label": "deep-berlin-kreuzberg-1788557593",
      "venue_ids": [
        "klemm-s",
        "konig-galerie-st-agnes",
        "konrad-fischer-galerie",
        "kunstlerhaus-bethanien",
        "kunstraum-kreuzberg-bethanien",
        "persons-projects",
        "soy-capitan",
        "trautwein-herleth"
      ],
      "started_ts": 1788557593,
      "ended_ts": 1788558456
    }
  ],
  "verification": {
    "berlin": {
      "verified": 73,
      "corrected": 1,
      "unverified": 0,
      "unchecked": [
        "leon-kahane-kritik-und-selbstkritik",
        "susan-hiller-bad-dreams",
        "koo-jeong-a-ousssean",
        "rafik-greiss-the-city-and-the-city",
        "boros-collection-4",
        "schinkel-projektionen-osten",
        "officeimpart-void-is-seductive",
        "sexauer-kerim-seiler"
      ],
      "published": 62,
      "pending": [
        {
          "slug": "co-berlin-carrie-mae-weems",
          "venue": "C/O Berlin",
          "reason": null
        },
        {
          "slug": "co-berlin-kallinikou",
          "venue": "C/O Berlin",
          "reason": null
        },
        {
          "slug": "co-berlin-kriemann",
          "venue": "C/O Berlin",
          "reason": null
        },
        {
          "slug": "berinson-brassai",
          "venue": "Galerie Berinson",
          "reason": null
        },
        {
          "slug": "nilsson-stromberg-now-and-then",
          "venue": "Dorothée Nilsson Gallery",
          "reason": "Venue site still lists no closing date for this Berlin Art Week show; opening Sept 10 confirmed via venue site and independently via Index Berlin/ART at Berlin listings."
        },
        {
          "slug": "kajetan-redjaian-transit",
          "venue": "Galerie kajetan",
          "reason": null
        },
        {
          "slug": "ebensperger-chicks-on-speed",
          "venue": "Ebensperger",
          "reason": "Venue site confirms \"Chicks on Speed, the Mobilisation / Poprade, Opening: September 10... From 10.09.2026\" but still lists no closing date; no closing date found on Artsy or other sources either, so it stays held with start date only."
        },
        {
          "slug": "ebensperger-bonnie-camplin-archive",
          "venue": "Ebensperger",
          "reason": "Venue site confirms \"Bonnie Camplin Archive (BCA), Opening: September 13... From 13.09.2026\" but still lists no closing date; no closing date found elsewhere either, so it stays held with start date only."
        },
        {
          "slug": "bthumm-fiona-banner-poems-for-helicopter-blades",
          "venue": "Galerie Barbara Thumm",
          "reason": "Confirmed on bthumm.de: \"Fiona Banner aka the Vanity Press Poems for Helicopter Blades 12.09. - 31.10.2026\" matching saved dates."
        },
        {
          "slug": "bthumm-carrie-mae-weems",
          "venue": "Galerie Barbara Thumm",
          "reason": "Confirmed on bthumm.de: \"Carrie Mae Weems Carrie Mae Weems 12.09. - 31.10.2026\" matching saved dates."
        },
        {
          "slug": "leon-kahane-kritik-und-selbstkritik",
          "venue": "Kunstverein am Rosa-Luxemburg-Platz",
          "reason": null
        },
        {
          "slug": "susan-hiller-bad-dreams",
          "venue": "KW Institute for Contemporary Art",
          "reason": null
        },
        {
          "slug": "koo-jeong-a-ousssean",
          "venue": "KW Institute for Contemporary Art",
          "reason": null
        },
        {
          "slug": "rafik-greiss-the-city-and-the-city",
          "venue": "KW Institute for Contemporary Art",
          "reason": null
        },
        {
          "slug": "springer-animals",
          "venue": "Galerie Springer Berlin",
          "reason": null
        },
        {
          "slug": "diehl-hal-busse-werk-und-wirken",
          "venue": "Galerie Volker Diehl",
          "reason": null
        },
        {
          "slug": "reiter-be-real",
          "venue": "REITER",
          "reason": "Venue's own upcoming-exhibitions page confirms Be Real. by Hans Aichinger as REITER Berlin's current show, but publishes no exact opening/closing dates; no independent secondary listing (Artsy/MutualArt/Index Berlin) gives firm 2026 dates either, so kept with dates as previously noted rather than estimated."
        },
        {
          "slug": "boros-collection-4",
          "venue": "Sammlung Boros (Boros Collection)",
          "reason": null
        },
        {
          "slug": "schinkel-projektionen-osten",
          "venue": "Schinkel Pavillon",
          "reason": null
        },
        {
          "slug": "officeimpart-void-is-seductive",
          "venue": "Office Impart",
          "reason": null
        },
        {
          "slug": "sexauer-kerim-seiler",
          "venue": "Sexauer Gallery",
          "reason": null
        },
        {
          "slug": "kunstraum-tanja-ostojic-encounters",
          "venue": "Kunstraum Kreuzberg/Bethanien",
          "reason": "Confirmed on kunstraumkreuzberg.de: \"24.10.26-14.2.27\" matching saved dates."
        },
        {
          "slug": "schiefe-zaehne-this",
          "venue": "Schiefe Zähne",
          "reason": null
        },
        {
          "slug": "konig-jordy-kerwick",
          "venue": "König Galerie (St. Agnes)",
          "reason": null
        }
      ]
    }
  },
  "manifest": "/mnt/c/Projects/260903_GalleryBrowser/GalleryBrowser/content/spend/deep_run-berlin-1788556432.json"
}
berlin: 86 shows, 0 with a published blurb, 0 venue objects updated, 0 without venue_id
berlin: 74 verified venues -> /mnt/c/Projects/260903_GalleryBrowser/GalleryBrowser/scraper/run_deep.py --city berlin --venue-ids @/mnt/c/Projects/260903_GalleryBrowser/GalleryBrowser/content/expansion/berlin/shows-ids.txt --force-due --total-budget 70.0 --session-budget 4.5 --session-todo 8 --workers 3 --no-report
